id,unique_id,Document_Number,RFx_Type,High_Level_Category,Successful_Supplier,Awarded_Amount,Award_Date,Division,Small_Business
15,b347eaf5-9744-44b3-a5d2-a2f9a8a09395_1,Doc3718447124,RFQ,Goods and Services,Asplundh Canada Ulc,5952260.16,2023-07-11,"Parks, Forestry & Recreation",TRUE
16,b347eaf5-9744-44b3-a5d2-a2f9a8a09395_2,Doc3718447124,RFQ,Goods and Services,Diamond Tree Care & Consulting Inc.,4941090,2023-07-11,"Parks, Forestry & Recreation",TRUE
17,b347eaf5-9744-44b3-a5d2-a2f9a8a09395_3,Doc3718447124,RFQ,Goods and Services,Weller Tree Service Ltd,31395898.38,2023-07-11,"Parks, Forestry & Recreation",TRUE
18,b347eaf5-9744-44b3-a5d2-a2f9a8a09395_4,Doc3718447124,RFQ,Goods and Services,Davey Tree Expert Co,12054355.47,2023-07-11,"Parks, Forestry & Recreation",TRUE
19,59b756d8-1a3d-4d46-a361-8d7f41fcab63_1,Doc3220681346,RFP,Professional Services,Eplansoft,1580950,2023-05-04,City Manager's Office,TRUE
20,e49e2059-4f41-44f9-a24b-83c49b4df1d7_1,Doc3872270278,RFP,Professional Services,Enterprise Rent A Car Canada,7396945.92,2023-10-01,Fleet Services,TRUE
21,f01b98d3-94d1-46dc-8408-146efd2239b4_1,Doc3704322859,RFT,Construction Services,1246175 Ontario Limited O/A Active Mechanical Services,3414610.1,2023-03-06,Corporate Real Estate Management,TRUE
22,66332222-5a9a-4c57-ab55-8169b5e57570_1,Doc3784053932,RFT,Construction Services,Struct-Con Construction Ltd,862431.92,2023-06-29,Corporate Real Estate Management,TRUE
24,ea88f4cf-8fde-4548-9fb2-d488b0a2b5d1_1,Doc3887078310,RFT,Construction Services,Ag Reat Construction Co Ltd,439620,2023-07-24,Corporate Real Estate Management,TRUE
26,e1ea7b3b-3d09-4f98-85dd-ec0815095ada_1,Doc4053485379,RFT,Construction Services,Joe Pace & Sons Contracting Inc,1101469,2023-08-02,Employment & Social Services,TRUE
29,95067eb9-cfbe-4dd6-b2d2-c91233e8d59a_1,Doc4222047669,RFT,Construction Services,Anacond Contracting Inc,2382000,2024-01-25,Corporate Real Estate Management,TRUE
34,ac3bc7bc-b1c7-4f9b-8e5f-96b795863ae7_1,Doc3559742620,RFQ,Goods and Services,Season Group,48895.5,2023-05-15,Purchasing & Materials Management,TRUE
35,898072d0-4fb6-4461-989c-75c6fa5889fb_1,Doc3644811133,RFQ,Goods and Services,Executive Mat Service Ltd.,606346,2023-06-06,Facilities Management,TRUE
36,898072d0-4fb6-4461-989c-75c6fa5889fb_2,Doc3644811133,RFQ,Goods and Services,Canadian Linen And Uniform Service,333021,2023-06-06,Facilities Management,TRUE
37,9bb867c0-9f86-4003-96d8-fc74644e7a99_1,Doc3651438152,RFQ,Goods and Services,Sqm Janitorial Services Inc.,25410,2023-06-02,Fleet Services,TRUE
38,55db28a2-7884-4ebf-b811-1d8dc4c83cab_1,Doc3658545225,RFQ,Goods and Services,Flint Packaging Products,130020.5,2022-12-23,Purchasing & Materials Management,TRUE
39,75c2139b-879d-4432-bc87-5454e3890ee8_1,Doc3663023471,RFQ,Goods and Services,Blended Perspectives Inc.,98933.2,2022-12-08,Information & Technology,TRUE
42,410c0a33-6e9c-4fb5-b55c-a38cd8f42e0a_1,Doc3685082826,RFQ,Goods and Services,Compugen Inc,308602,2023-02-03,Toronto Water,TRUE
43,94cbc5e7-3105-400f-9bbc-b3b4739deea3_1,Doc3694847548,RFQ,Goods and Services,The Armstrong Monitoring Corporation,3623389.72,2023-06-05,Corporate Real Estate Management,TRUE
44,9d3be0d7-3208-46b9-b6cd-ea28db2c3374_1,Doc3705834625,RFQ,Goods and Services,Dls Technology Corporation,116555.4,2023-02-03,Technology Services,TRUE
45,77e7d7ff-6e86-4af4-80f8-41281cd94f60_1,Doc3705834628,RFQ,Goods and Services,Mid-Ontario Truck Centre,350384,2023-08-09,Fleet Services,TRUE
46,77e7d7ff-6e86-4af4-80f8-41281cd94f60_2,Doc3705834628,RFQ,Goods and Services,1106499 Ontario Limited Kiff Auto,164426.23,2023-08-09,Fleet Services,TRUE
47,63e7cf83-4309-4527-a95e-9c5543a47c0b_1,Doc3711927335,RFQ,Goods and Services,Wilcox Door Service Inc,4667240,2023-05-08,Corporate Real Estate Management,TRUE
50,68f3740d-8406-40cd-9058-d42ab6111bb2_1,Doc3739766347,RFQ,Goods and Services,Kooy Brothers Lawn Equipment Ltd,1311170,2023-03-15,Fleet Services,TRUE
51,db97f307-9a7c-4270-b9e8-9d6fd60b6ca1_1,Doc3742825440,RFQ,Goods and Services,Nexgen Municipal Inc,277053.93,2023-04-26,Fleet Services,TRUE
52,db97f307-9a7c-4270-b9e8-9d6fd60b6ca1_2,Doc3742825440,RFQ,Goods and Services,Joe Johnson Equipment,373154.23,2023-04-26,Fleet Services,TRUE
53,dc057576-3aad-4431-90a6-ddbd1f5dcd8e_1,Doc3762762006,RFQ,Goods and Services,Gk Chemical Specialties Co,335351,2023-07-14,Purchasing & Materials Management,TRUE
54,4d8b1271-7abb-4b6d-927e-b37753da2fe1_1,Doc3782552477,RFQ,Goods and Services,Rush Truck Center Of Canada,282460.89,2023-03-29,Fleet Services,TRUE
55,4d8b1271-7abb-4b6d-927e-b37753da2fe1_2,Doc3782552477,RFQ,Goods and Services,Mid - Ontario Truck Center,155225.84,2023-03-29,Fleet Services,TRUE
56,77c1a3e8-7b33-4a3e-be2f-0ca2aeeff4f7_1,Doc3782989921,RFQ,Goods and Services,Nx Auto Body,34141,2023-07-13,Fleet Services,TRUE
57,77c1a3e8-7b33-4a3e-be2f-0ca2aeeff4f7_2,Doc3782989921,RFQ,Goods and Services,Consolidated Automotive Resources Group Ltd. O/A Mastertech Auto Body & Service Centre,10779,2023-07-13,Fleet Services,TRUE
58,77c1a3e8-7b33-4a3e-be2f-0ca2aeeff4f7_3,Doc3782989921,RFQ,Goods and Services,Calisi Motors Ltd. O/A Sherway Collision,20339,2023-07-13,Fleet Services,TRUE
59,72762d75-e0c6-46db-abb2-31ba9769dced_1,Doc3789114567,RFQ,Goods and Services,O-Two Medical Technologies Inc.,93696.84,2023-10-10,Purchasing & Materials Management,TRUE
61,c52c1b35-6819-4b58-8c94-e067912bd9fa_1,Doc3802177840,RFQ,Goods and Services,Bio Nuclear Diagnostics Inc,1468800,2023-11-06,Purchasing & Materials Management,TRUE
62,012af415-807f-4c09-901c-e55946144c79_1,Doc3821226770,RFQ,Goods and Services,Dican,813742,2023-07-10,Fleet Services,TRUE
63,e0e65d88-1f87-4907-b03e-27dd396edc67_1,Doc3823001795,RFQ,Goods and Services,Humberview Chevrolet Buick Gmc,200279.12,2024-02-02,Fleet Services,TRUE
64,d4fd879a-2a8e-4dce-8769-9f4c95a1981d_1,Doc3835302080,RFQ,Goods and Services,Guillevin International Co,26250,2023-03-29,Purchasing & Materials Management,TRUE
65,6a098e45-0d21-411a-8c44-0e70c068894d_1,Doc3866496418,RFQ,Goods and Services,Anronn Electric Motor Repair,2830452,2023-06-07,"Corporate Real Estate Management,Parks, Forestry & Recreation,Solid Waste Management Services",TRUE
66,9ba02dd2-1c1a-4684-8f0b-f4bee763f2b8_1,Doc3867153465,RFQ,Goods and Services,"Bell Canada O/A Bell, Bce Inc.",1500000,2023-08-01,Technology Services,TRUE
67,6f20594a-3fbf-42ae-bb2a-9f26127f5d4c_1,Doc3867180767,RFQ,Goods and Services,Metro Freightliner Hamilton Inc. O/A Metro Truck Group,627881.13,2023-10-01,"Fire Services,Fleet Services,Toronto Paramedic Services",TRUE
68,6f20594a-3fbf-42ae-bb2a-9f26127f5d4c_2,Doc3867180767,RFQ,Goods and Services,Mid-Ontario Diesel Ltd. O/A Mid-Ontario Truck Centre,81394.61,2023-10-01,"Fire Services,Fleet Services,Toronto Paramedic Services",TRUE
69,648d4737-c177-4ffc-ad16-f311a0897fbd_1,Doc3872445914,RFQ,Goods and Services,Enex Engraving,2703,2023-08-17,Purchasing & Materials Management,TRUE
70,5ad00e18-279a-45f1-9fc1-e0ae03109e33_1,Doc3874199193,RFQ,Goods and Services,"2281610 Ontario Inc,Downtown Ford",5256791,2023-07-17,Fleet Services,TRUE
71,5c7d5079-34f3-46a8-a3c3-d85507c99336_1,Doc3899798857,RFQ,Goods and Services,Systems Plus,18443.04,2023-06-25,Purchasing & Materials Management,TRUE
72,fe91f2f1-43fa-4bdb-b211-c8ff38a369ef_1,Doc3911935597,RFQ,Goods and Services,Supply Line O/A Supplyline Inc.,77975.34,2024-01-12,Purchasing & Materials Management,TRUE
73,32091143-4cb1-4ff1-a5b4-8868fe6a7016_1,Doc3937572346,RFQ,Goods and Services,Southern Sanitation O/A Wasteco,214369.02,2023-08-10,Corporate Real Estate Management,TRUE
74,7862eaf4-881b-45c9-9e1b-c428bd17c8dc_1,Doc3943991754,RFQ,Goods and Services,Calisi Motors Limited O/A Sherway Collision,140193.38,2023-10-18,Fleet Services,TRUE
75,7862eaf4-881b-45c9-9e1b-c428bd17c8dc_2,Doc3943991754,RFQ,Goods and Services,Eurasia (Canada) Cars And Truck Centre,82277.42,2023-10-18,Fleet Services,TRUE
76,0125ed76-dcbe-42fb-b617-855a2ce8acd9_1,Doc3970716559,RFQ,Goods and Services,Cardinal Health Canada Inc,235264,2023-12-04,Purchasing & Materials Management,TRUE
77,1c32eb33-24bb-4fc3-90b6-5fe5a9b4dcfd_1,Doc4007302923,RFQ,Goods and Services,Solid Caddgroup Inc,37536,2023-10-06,"City Planning,Technology Services",TRUE
78,4a7999a8-49e0-4c56-a88e-903a0071d72f_1,Doc4013351727,RFQ,Goods and Services,Bench Craft Leather Inc,36349.5,2023-08-28,Purchasing & Materials Management,TRUE
79,8c096f69-e006-42fe-9785-3ede28639931_1,Doc4017442613,RFQ,Goods and Services,Amaco Construction Equipment Inc.,450107.07,2023-10-31,Fleet Services,TRUE
80,eea29042-ea44-4a5c-aac9-a954cd84b71d_1,Doc4021850934,RFQ,Goods and Services,Downtown Auto Group,145935,2024-02-02,Fleet Services,TRUE
81,aff49ec0-2684-42b9-9ec1-ab0eead36d75_1,Doc4022083487,RFQ,Goods and Services,Zamboni Company Limited,1541375,2023-09-02,Fleet Services,TRUE
82,bdc0b884-3746-42ef-b473-5a77c062b684_1,Doc4042320161,RFQ,Goods and Services,Talos Technologies Inc.,258400,2023-11-01,Office of the Chief Information SecurityÂ Officer (CISO),TRUE
83,6086d3e2-c3db-4ff5-b922-af81396d55e3_1,Doc4044299808,RFQ,Goods and Services,Ontario Sewer Services Inc,1743525,2023-10-23,Corporate Real Estate Management,TRUE
85,09a4e47a-950a-446c-8627-0c4621d86f7f_1,Doc4065677598,RFQ,Goods and Services,Flying Colours International,87526.8,2024-02-23,Purchasing & Materials Management,TRUE
86,bbea2704-1d26-4eb0-95cd-52bddac8858f_1,Doc4092233201,RFQ,Goods and Services,Amaco Construction Equipment Inc.,76383.74,2024-02-02,Fleet Services,TRUE
87,ce1c74b6-86bf-46d5-9f4b-6997951b1780_1,Doc4098225992,RFQ,Goods and Services,Mid-Ontario Truck Centre,5839528,2024-01-10,Fleet Services,TRUE
88,a973857d-5c30-45ea-b8c8-49ddac2cfa61_1,Doc4098286599,RFQ,Goods and Services,Douglas Powertech Enterprises Inc.,76266,2024-02-20,Fleet Services,TRUE
90,1901d677-bfe9-4d1b-965d-d148351a7ef8_1,Doc4115631087,RFQ,Goods and Services,Stinson Equipment Ltd.,158540,2024-01-17,Fleet Services,TRUE
91,d4801145-67b5-49bf-9642-dcdfcaf96f17_1,Doc4121435613,RFQ,Goods and Services,Nexgen Municipal Inc.,6788123.16,2024-01-02,Fleet Services,TRUE
93,ce84ab84-dc9a-400c-8ee4-58e221e4bd61_1,Doc4147420668,RFQ,Goods and Services,Onx Enterprise Solutions Ltd,5500000,2023-12-13,Technology Services,TRUE
94,e7c4d287-c15f-4bb3-863c-1ddde4c16370_1,Doc4147794028,RFQ,Goods and Services,Leica Geosystems Ltd,46810.91,2023-12-12,Engineering & Construction Services,TRUE
97,718f4026-bac9-4ca2-9d3c-859934c9dfdf_1,Doc4223502235,RFQ,Goods and Services,Rush Truck Centres Of Canada,929274,2024-02-02,Fleet Services,TRUE
98,4bac06fa-6f88-4693-9ec9-02b595dc4b72_1,Doc4229796762,RFQ,Goods and Services,Via Trailers Bolton,36643,2024-01-22,Fleet Services,TRUE
108,5a88174a-54e4-468d-9d64-543c476f2f29_1,Doc3642029322,RFP,Professional Services,Aon Solutions Canada Inc.,105000,2023-01-31,Finance & Treasury Services,TRUE
110,04656202-dada-4257-a77b-b268fe55179b_1,Doc3739692143,RFP,Professional Services,Read Jones Christoffersen Ltd,41300,2023-01-06,Corporate Real Estate Management,TRUE
111,dd2d801a-7c6f-4dae-bcdd-1e8483ce474e_1,Doc3743106956,RFP,Professional Services,Ipss Inc.,513862.61,2023-02-16,Technology Services,TRUE
112,825d3ef7-a141-456b-8e54-818b0bede402_1,Doc3756696071,RFP,Professional Services,Quasar Consulting Group Inc,44911,2023-02-15,Real Estate Services,TRUE
113,ce137fb5-fceb-4be5-bd20-dc7fe8a44662_1,Doc3780879082,RFP,Professional Services,Cherie Ng Architect Inc,38888,2023-04-28,Corporate Real Estate Management,TRUE
114,cbfa3c62-2fdb-4c91-9987-98bac70e9a07_1,Doc3841985700,RFP,Professional Services,Johnson Controls Ltd,844575,2023-07-26,Corporate Real Estate Management,TRUE
115,cbfa3c62-2fdb-4c91-9987-98bac70e9a07_2,Doc3841985700,RFP,Professional Services,Vipond Inc,844575,2023-07-26,Corporate Real Estate Management,TRUE
116,cbfa3c62-2fdb-4c91-9987-98bac70e9a07_3,Doc3841985700,RFP,Professional Services,Met-Scan Canada Ltd,844575,2023-07-26,Corporate Real Estate Management,TRUE
117,cbfa3c62-2fdb-4c91-9987-98bac70e9a07_4,Doc3841985700,RFP,Professional Services,Paladin Technologies Inc,844575,2023-07-26,Corporate Real Estate Management,TRUE
118,292974ed-a804-41e9-be16-f0aa1529be44_1,Doc3934508596,RFP,Professional Services,Arup Canada Incorporated,264000,2023-08-21,Environment & Climate,TRUE
119,65071a25-a1a4-4811-be12-19ae546205ed_1,Doc3974275608,RFP,Professional Services,Asp Inc,6160189.92,2023-10-27,Corporate Real Estate Management,TRUE
120,65071a25-a1a4-4811-be12-19ae546205ed_2,Doc3974275608,RFP,Professional Services,West Egg Group Security Servic,6895162.08,2023-10-27,Corporate Real Estate Management,TRUE
121,65071a25-a1a4-4811-be12-19ae546205ed_3,Doc3974275608,RFP,Professional Services,Garda,7677623.2,2023-10-27,Corporate Real Estate Management,TRUE
122,7857c5dc-1dfc-486b-89e3-d0147e39d1f7_1,Doc3999532912,RFQ,Professional Services,Keydata Associates Inc,5249323,2023-08-09,Office of the Chief Information SecurityÂ Officer (CISO),TRUE
127,77525044-f92a-477d-95b6-59616feaac5f_1,Doc3480504749,RFT,Construction Services,"Taurus Contracting, A Div Of Tcl",706982,2023-04-18,"Parks, Forestry & Recreation",TRUE
128,77525044-f92a-477d-95b6-59616feaac5f_2,Doc3480504749,RFT,Construction Services,Tribro Group Ltd,903420,2023-04-18,"Parks, Forestry & Recreation",TRUE
129,d066445f-f606-4229-98bf-57152c52b2ee_1,Doc3489780251,RFT,Construction Services,Grascan Construction Ltd,10364920.5,2023-03-06,"Parks, Forestry & Recreation",TRUE
130,68486240-064a-41cd-9448-bc43bafd3037_1,Doc3641398576,RFT,Construction Services,"Cimco Refrigeration, Div. Of Toromont Industries Ltd.",10098699,2023-01-19,"Parks, Forestry & Recreation",TRUE
131,c67eb05b-19ab-44f1-999b-f415fe1d0f3d_1,Doc3660353340,RFT,Construction Services,Joe Pace & Sons Contracting Inc.,492000,2023-01-26,Seniors Services and Long-Term Care,TRUE
132,6b613f29-1bdf-4619-a937-14f0368a73a4_1,Doc3715381581,RFT,Construction Services,Ferdom Construction,2223861,2023-08-08,"Parks, Forestry & Recreation",TRUE
133,10a8938b-9e40-4971-8ce9-8d7d84d8ed54_1,Doc3752824967,RFT,Construction Services,373044 Ont Ltd/Trans Canada Construction,1549486.1,2023-03-09,"Parks, Forestry & Recreation",TRUE
134,8a5d600e-52a7-4be4-8757-dcc4faf660e5_1,Doc3792180788,RFT,Construction Services,Mopal Construction Ltd,903650,2023-06-06,"Parks, Forestry & Recreation",TRUE
135,e7be46a1-b37c-4cbe-af26-41468dca8c27_1,Doc3835056852,RFT,Construction Services,Hank Deenen Landscaping Limited,729500,2023-05-17,"Parks, Forestry & Recreation",TRUE
136,ff2546f7-990f-490a-ba8f-8b23fd97c261_1,Doc3866406467,RFT,Construction Services,Pine Valley Corporation,1016600,2023-06-02,Children's Services,TRUE
137,eb2c1ade-e120-4991-bbbf-923c3deae091_1,Doc3885862776,RFT,Construction Services,Pine Valley Corp,906200,2023-06-07,Children's Services,TRUE
138,ce8adf39-9348-4960-9333-07d6d6d2058d_1,Doc3901497212,RFT,Construction Services,671860 Ontario Inc. O/A Somerville Construction,6799825,2023-07-25,"Parks, Forestry & Recreation",TRUE
139,0d7e886b-f1fc-4ace-882d-4c129b58b2da_1,Doc3941852394,RFT,Construction Services,South Central Inc,1256393.69,2023-11-28,"Parks, Forestry & Recreation",TRUE
140,eba02287-cdde-4b6f-a666-21b4a8ce33cb_1,Doc3950532421,RFT,Construction Services,Joe Pace & Sons Contracting Inc,499800,2023-10-17,Seniors Services and Long-Term Care,TRUE
143,240837fa-6ef2-4123-b408-cf523ed89ed4_1,Doc3997770153,RFT,Construction Services,Midome Construction Services Ltd.,1523750,2023-10-24,Economic Development & Culture,TRUE
144,107aa1aa-7037-4193-881b-41cde2d8a46c_1,Doc4005444130,RFT,Construction Services,Pegah Construction Ltd.,1259490.7,2023-10-17,Economic Development & Culture,TRUE
145,af8fce1c-72ea-4681-9dea-818cf24a0398_1,Doc4132390726,RFT,Construction Services,Semple Gooder Roofing Corporation,2742072,2024-02-13,"Parks, Forestry & Recreation",TRUE
150,81833d0c-8264-4fb9-95c6-8d132df2d940_1,Doc3261513648,RFQ,Goods and Services,Cosar Gc Pm,173135,2023-04-05,"Shelter, Support & Housing Administration",TRUE
151,66ea522d-20b1-431d-bfe4-3b526127a49e_1,Doc3528836035,RFQ,Goods and Services,Canadian Safety Equipment Ltd,309528,2023-01-19,Fire Services,TRUE
152,18306e4d-ddeb-4ae7-b348-3774e55c21eb_1,Doc3592822887,RFQ,Goods and Services,De Vroomen Bulb Canada Inc,133377,2023-11-08,"Parks, Forestry & Recreation",TRUE
153,a58c86ab-0ab8-4894-8f0f-a354ffc669f2_1,Doc3597441618,RFQ,Goods and Services,Dutchmaster Nursery,129743.4,2024-03-11,"Parks, Forestry & Recreation",TRUE
154,a1e29478-8c9e-4ca1-85dc-b5f7281d3143_1,Doc3646531698,RFQ,Goods and Services,Formost Data Products Inc.,274972.82,2023-01-01,Employment & Social Services,TRUE
155,beb4e440-07c8-48d2-a801-2a0ed17e3091_1,Doc3693313720,RFQ,Goods and Services,Urban Tactical Brantford Ltd.,202888,2023-02-01,Toronto Paramedic Services,TRUE
156,756d9e56-bffd-47cd-b7bc-9f4d872d62ef_1,Doc3705909281,RFQ,Goods and Services,Office Central Inc.,350059.08,2023-01-11,Children's Services,TRUE
157,c6fb27ed-7e0d-4f90-a5e6-8e381609b7e0_1,Doc3728357052,RFQ,Goods and Services,Entomogen Incorporated,25290,2023-03-29,Toronto Public Health,TRUE
158,ac034f4e-3118-40b2-a481-7b8c70080491_1,Doc3733064819,RFQ,Goods and Services,1913574 Ontario Inc. Oa Royal Oak Tree Services Inc.,609472.5,2023-04-27,"Parks, Forestry & Recreation",TRUE
159,65385768-4716-40a9-8a3e-b5f304f63ca3_1,Doc3733917681,RFQ,Goods and Services,Guillevin International Co.,254169.33,2023-04-21,"Parks, Forestry & Recreation",FALSE
160,1ac9ea9b-0b2d-4f13-87c7-49522db4ee93_1,Doc3734314805,RFQ,Goods and Services,Cardinal Health Canada Inc,2099192,2023-07-01,Seniors Services and Long-Term Care,TRUE
161,569818bd-36d1-4195-b02f-2b4a991289c6_1,Doc3743044527,RFQ,Goods and Services,Sysco,18148195,2023-10-01,Seniors Services and Long-Term Care,FALSE
162,5544acc2-77f7-4c1a-a73e-23e09ef4b14a_1,Doc3754618822,RFQ,Goods and Services,Joerns Healthcare Canada Inc.,399651.45,2023-03-29,Seniors Services and Long-Term Care,TRUE
163,26fa5e12-9f9f-4914-b3d9-302f084db0cb_1,Doc3760842012,RFQ,Goods and Services,"Ariva, Division Of Domtar Inc",3799,2023-05-01,City Clerk's Office,TRUE
164,26fa5e12-9f9f-4914-b3d9-302f084db0cb_2,Doc3760842012,RFQ,Goods and Services,Spicers Canada Ulc,1488836.23,2023-05-01,City Clerk's Office,TRUE
165,966c82a1-ee59-4893-a2cd-7cf6e0d3f839_1,Doc3781209681,RFQ,Goods and Services,Kooy Brothers Lawn Equipment Ltd.,228297.6,2023-10-08,"Parks, Forestry & Recreation",TRUE
166,170802bf-1bc5-4c49-b713-fd3b797c4df7_1,Doc3781394690,RFQ,Goods and Services,K-Dental Inc.,1698588,2023-05-01,Toronto Public Health,TRUE
167,7e2538ba-af00-4cf2-b1f7-4c4431dcd84b_1,Doc3782444242,RFQ,Goods and Services,Street Graffiti Solutions,632900,2023-04-18,Economic Development & Culture,TRUE
168,173d21ba-87a7-47d1-9f1c-312d1149d3c4_1,Doc3794517986,RFQ,Goods and Services,Firechek Protection Services Inc.,153684,2023-10-01,Fire Services,TRUE
169,46a3cc8e-be34-403e-8f27-8eb2ed168536_1,Doc3816975592,RFQ,Goods and Services,Dignity Transportation Inc.,307200,2023-05-25,Seniors Services and Long-Term Care,TRUE
170,7b11c3f1-ab75-40a1-af09-eb4dbcefdeb6_1,Doc3853643516,RFQ,Goods and Services,Power King Exhaust Cleaning,84867.46,2023-04-06,Purchasing & Materials Management,TRUE
171,5dd5a9e2-ead1-49d9-8fca-48a3c4ea2344_1,Doc3897157314,RFQ,Goods and Services,Masters Golf Carts Inc,373400,2023-05-04,"Parks, Forestry & Recreation",TRUE
172,a5595ea8-ad76-4466-bc56-f674d95cc2f2_1,Doc3911974670,RFQ,Goods and Services,Ontario Line Clearing & Tree Expert,6454120,2023-07-26,"Parks, Forestry & Recreation",TRUE
173,a5595ea8-ad76-4466-bc56-f674d95cc2f2_2,Doc3911974670,RFQ,Goods and Services,Wm Weller Tree Service Ltd,1591809,2023-07-26,"Parks, Forestry & Recreation",TRUE
175,ca19ba15-95f4-4a97-96fe-48aba62397e7_1,Doc3922453518,RFQ,Goods and Services,Forest Ridge Landscaping Inc.,77100,2023-07-14,"Parks, Forestry & Recreation",TRUE
176,5d7cde32-b373-44a3-9cc1-70cd85bf087b_1,Doc3973062271,RFQ,Goods and Services,Dafco Filtration Group Corporation,1342719,2023-08-23,Seniors Services and Long-Term Care,TRUE
177,c022f2ec-c71b-4564-9525-dae84ff04c01_1,Doc3974631288,RFQ,Goods and Services,Kr Communications Ltd,907761.05,2023-09-07,Seniors Services and Long-Term Care,TRUE
178,97d9ef92-e578-4264-aab7-a8dfadd1a6df_1,Doc3988526049,RFQ,Goods and Services,Alpine Building Maintenance Inc,9214560,2023-10-27,Seniors Services and Long-Term Care,TRUE
179,97914339-0268-4970-b5c0-369937bfa521_1,Doc3999823865,RFQ,Goods and Services,Trh Services (Brandon Biomed Inc),266007.96,2023-08-03,Seniors Services and Long-Term Care,TRUE
180,65328888-de88-44de-bf36-d034738ee48f_1,Doc4006632375,RFQ,Goods and Services,Clintar Landscape Management (Downtown Groundskeeping Services),59152.6,2023-06-30,Economic Development & Culture,TRUE
194,788a1f6a-3fa5-49f4-9730-36bc2bc1a9a1_1,Doc4230058518,RFQ,Goods and Services,"Sysco Toronto, A Division Of Sysco Canada Inc.",1222175,2024-02-02,Seniors Services and Long-Term Care,FALSE
195,788a1f6a-3fa5-49f4-9730-36bc2bc1a9a1_2,Doc4230058518,RFQ,Goods and Services,"Sysco Toronto, A Division Of Sysco Canada Inc.",1117040,2024-02-01,Seniors Services and Long-Term Care,FALSE
201,e4aacb29-c1b1-4752-84e1-5eb48ff46e69_1,Doc3218413414,RFP,Professional Services,Canadian Hearing Services,1395333,2023-07-25,"Parks, Forestry & Recreation",TRUE
202,983b1c44-ed65-43cf-8123-34ec2afc3f9a_1,Doc3389680974,RFP,Professional Services,Cbv Collection Services Ltd,660400,2023-04-14,Court Services,TRUE
203,983b1c44-ed65-43cf-8123-34ec2afc3f9a_2,Doc3389680974,RFP,Professional Services,Gatestone & Co Inc,702800,2023-04-14,Court Services,TRUE
204,983b1c44-ed65-43cf-8123-34ec2afc3f9a_3,Doc3389680974,RFP,Professional Services,Partners In Credit Inc,702400,2023-04-14,Court Services,TRUE
205,983b1c44-ed65-43cf-8123-34ec2afc3f9a_4,Doc3389680974,RFP,Professional Services,General Credit Services Inc,318200,2023-04-14,Court Services,TRUE
206,983b1c44-ed65-43cf-8123-34ec2afc3f9a_5,Doc3389680974,RFP,Professional Services,Collectcents Inc.,303600,2023-04-14,Court Services,TRUE
207,983b1c44-ed65-43cf-8123-34ec2afc3f9a_6,Doc3389680974,RFP,Professional Services,National Credit Recovery Inc,313800,2023-04-14,Court Services,TRUE
208,983b1c44-ed65-43cf-8123-34ec2afc3f9a_7,Doc3389680974,RFP,Professional Services,Aro Inc,311400,2023-04-14,Court Services,TRUE
209,983b1c44-ed65-43cf-8123-34ec2afc3f9a_8,Doc3389680974,RFP,Professional Services,International Credit Experts Inc,311000,2023-04-14,Court Services,TRUE
210,983b1c44-ed65-43cf-8123-34ec2afc3f9a_9,Doc3389680974,RFP,Professional Services,Mjr Capital Services Inc,308800,2023-04-14,Court Services,TRUE
211,a6e3d72f-3c71-4a52-918a-923ec5c1cd1b_1,Doc3403637266,RFP,Professional Services,Cs&P Architects Inc,4780044,2023-05-31,"Parks, Forestry & Recreation",TRUE
212,70bbda78-a20c-461b-a9f3-0fcaa7d84d37_1,Doc3442615863,RFP,Professional Services,Kongats Architects,1738150,2023-01-13,"Parks, Forestry & Recreation",TRUE
213,6129294f-004f-41b7-8f44-07387cca1ac7_1,Doc3442750404,RFP,Professional Services,Stantec Consulting Ltd,112318,2023-05-26,"Shelter, Support & Housing Administration",FALSE
215,cefb4fb8-7069-4a16-8e34-109a7fc58558_1,Doc3621156462,RFP,Professional Services,Ibi Group Professional Services (Canada) Inc. Sla Landscape Design And Planning Inc. (Canada),2733266,2023-03-06,"Parks, Forestry & Recreation",TRUE
216,b750c115-708c-497f-a208-5dc5656b7588_1,Doc3672808985,RFP,Professional Services,Koppert Biological Systems Ltd,52298.19,2023-04-26,"Parks, Forestry & Recreation",TRUE
217,e6a98268-e64b-45b6-bfba-680456ed4598_1,Doc3682536087,RFP,Professional Services,Dtah,724536.5,2023-03-08,"Parks, Forestry & Recreation",TRUE
218,125cd752-6efd-44a1-9c07-b7b71cfb0e7f_1,Doc3723149053,RFP,Professional Services,Canadian Observatory On Homelessne,65224.5,2023-02-01,"Shelter, Support & Housing Administration",TRUE
223,11bd7c42-dfca-4f22-be55-8530d86493b8_1,Doc3763094007,RFP,Professional Services,The George Hull Centre For Children And  Families,239775,2023-05-06,Children's Services,TRUE
224,68638e11-cb54-4038-8631-8be5bea77d31_1,Doc3784440258,RFP,Professional Services,Plant Architect Inc.,477200.25,2023-05-17,"Parks, Forestry & Recreation",TRUE
226,c1a4d834-7f45-4b42-bffb-58decfa2514d_1,Doc3792138118,RFP,Professional Services,Kpmg Llp,710100,2023-07-04,City Planning,FALSE
227,01222138-52e8-495d-949e-dde7309ce214_1,Doc3864992256,RFQ,Professional Services,Insight Advantage Inc.,146142,2023-05-06,City Clerk's Office,TRUE
229,802712c1-f453-46fb-8349-bb2ebc301d28_1,Doc3892776235,RFP,Professional Services,Thinc Design (Tocher Heyblom Design Inc.),196847,2023-07-25,"Parks, Forestry & Recreation",TRUE
230,c41d7f80-e093-42e6-9205-2d5e2ae8059b_1,Doc3908708378,RFP,Professional Services,Culture Check Inc.,632750,2023-12-27,Children's Services,TRUE
231,ec92dfa7-29da-40f0-b685-929bff8ce7d4_1,Doc3940063088,RFP,Professional Services,Production Service Industries,454966,2023-09-05,Economic Development & Culture,TRUE
232,ec92dfa7-29da-40f0-b685-929bff8ce7d4_2,Doc3940063088,RFP,Professional Services,Light And Dark Inc,275789,2023-09-05,Economic Development & Culture,TRUE
233,ec92dfa7-29da-40f0-b685-929bff8ce7d4_3,Doc3940063088,RFP,Professional Services,Solotech Inc,131616,2023-09-05,Economic Development & Culture,TRUE
234,4a2c936d-5a98-4666-adef-4362345e32b4_1,Doc3941927287,RFP,Professional Services,Cherie Ng Architect Inc,4596378.08,2023-09-26,"Parks, Forestry & Recreation",TRUE
235,b35a5f6e-b83a-4787-8db1-a1dcb29c606e_1,Doc3992823329,RFP,Professional Services,Achieva,2974150,2023-10-23,Seniors Services and Long-Term Care,TRUE
236,fcc41ef6-bb64-402c-a16a-ff0311245b3e_1,Doc3996002373,RFP,Professional Services,Slbc Inc.,329740,2023-10-26,"Parks, Forestry & Recreation",TRUE
239,342c9d83-8140-4e5e-8687-5a509619763f_1,Doc4042404104,RFP,Professional Services,Kpmg,439620,2023-10-27,"Parks, Forestry & Recreation",FALSE
240,68920bab-92b5-420e-99d7-cbb86ed15d01_1,Doc4066811187,RFP,Professional Services,Strategic Measures,149210,2023-11-14,"Social Development, Finance & Administration",TRUE
245,5afff42a-603c-4e05-aef2-1f4955785c68_1,Doc3393128038,RFT,Construction Services,Pine Valley Corporation,411697.7,2023-08-23,Transportation Services,TRUE
246,4f9cf15c-df6f-4a3a-87b7-23baa0e4f803_1,Doc3516863233,RFT,Construction Services,Distinct Concrete Cutting Inc.,810175,2023-01-01,Toronto Water,TRUE
247,200d7588-96d3-4a8d-aacf-0528aa080f48_1,Doc3530455664,RFT,Construction Services,Anacond Contracting Inc.,595666.78,2022-12-21,Solid Waste Management Services,TRUE
248,3bafbed3-b33c-42d7-9b89-274a5b67a093_1,Doc3542998354,RFT,Construction Services,Utility Force Construction Inc,5084375,2023-02-03,Toronto Water,TRUE
249,3bafbed3-b33c-42d7-9b89-274a5b67a093_2,Doc3542998354,RFT,Construction Services,"614128 Ontario Ltd, O/A Trisan Construction",1947086,2023-02-03,Toronto Water,TRUE
250,5a33631f-1f85-45d8-a100-219b14b70253_1,Doc3557875189,RFT,Construction Services,Utility Force Construction Inc,2972850,2023-02-06,Engineering & Construction Services - Engineering Services,TRUE
251,5a33631f-1f85-45d8-a100-219b14b70253_2,Doc3557875189,RFT,Construction Services,"614128 Ontario Ltd, O/A Trisan Construction",2302516,2023-02-06,Engineering & Construction Services - Engineering Services,TRUE
252,3d68cde9-3f1e-4063-a841-9968406c9f00_1,Doc3571174199,RFT,Construction Services,Utility Force Construction Inc,3425125,2023-02-06,Engineering & Construction Services - Engineering Services,TRUE
253,3d68cde9-3f1e-4063-a841-9968406c9f00_2,Doc3571174199,RFT,Construction Services,"614128 Ontario Ltd, O/A Trisan Construction",1622998,2023-02-06,Engineering & Construction Services - Engineering Services,TRUE
255,f0940a4d-d804-4f92-b8de-5d1043cff077_1,Doc3575939075,RFT,Construction Services,Martinway Contracting Limited,4070825,2022-12-14,Solid Waste Management Services,TRUE
256,403e4084-c305-46dd-b784-0df55dd2bbb2_1,Doc3584366982,RFT,Construction Services,D Crupi & Sons Limited,3603034.59,2023-02-01,Engineering & Construction Services - Capital Works Delivery,TRUE
258,95420132-ab85-45c1-b1a8-95cbbc2949da_1,Doc3596273865,RFT,Construction Services,Ritestart Limited,953970,2023-02-06,Solid Waste Management Services,TRUE
259,75d1978c-bc75-4711-b68f-0109fc4c5b54_1,Doc3602895745,RFT,Construction Services,Pine Valley Corporation,938999,2023-03-24,"Parks, Forestry & Recreation",TRUE
261,6ad9d83b-5642-4f38-b05f-da6db01fcb2c_1,Doc3610971650,RFT,Construction Services,Waste Management Of Canada Corp.,983737.8,2023-01-01,Toronto Water,TRUE
263,a8da0351-94d1-45f8-a483-7ed9a3aa9f54_1,Doc3643941743,RFT,Construction Services,Joe Pace & Sons Contracting Inc.,1751830,2023-07-17,"Parks, Forestry & Recreation",TRUE
265,a097f456-7fd6-427e-910c-de0cda253690_1,Doc3672748647,RFT,Construction Services,Es Fox Ltd,7266676.48,2023-08-10,Toronto Water,TRUE
266,b76bce6a-e738-40b8-bc3f-67b27fb49e5c_1,Doc3694194042,RFT,Construction Services,Ptr Paving Inc.,1055150,2022-12-23,Transportation Services,TRUE
267,b76bce6a-e738-40b8-bc3f-67b27fb49e5c_2,Doc3694194042,RFT,Construction Services,Aqua Tech Solutions Inc.,737330,2022-12-23,Transportation Services,TRUE
268,632e0dd8-fd47-48a7-9c27-a11f3f9e2947_1,Doc3694727991,RFT,Construction Services,Canada Construction Limited,1040000,2023-03-02,"Parks, Forestry & Recreation",TRUE
269,520e9f3c-a252-4347-b53b-902d20823b5f_1,Doc3705608289,RFT,Construction Services,Midome Construction Services Ltd.,792000,2023-01-23,Engineering & Construction Services,TRUE
270,f75f7c88-8896-4d57-a603-a3ea32bd390e_1,Doc3709344674,RFT,Construction Services,Stinson Equipment Limited,995629.5,2023-02-16,Engineering & Construction Services,TRUE
271,ab9c1fb3-19a5-4f01-a952-055fd51bdac2_1,Doc3727842694,RFT,Construction Services,Aerzen Canada,11174077.64,2023-12-07,Engineering & Construction Services,TRUE
272,6b90f4b0-773d-497b-9d15-85172dfee0dd_1,Doc3731138941,RFT,Construction Services,Csl Group Ltd.,837993.84,2023-02-17,Transportation Services,TRUE
273,1d0595a4-8717-4c15-a3a5-98c84d909c59_1,Doc3740576765,RFT,Construction Services,D Crupi & Sons Limited,51838829.34,2023-02-09,Engineering & Construction Services,TRUE
274,a630232b-a68d-4fa1-80ec-0f008db057dd_1,Doc3743124423,RFSQ,Construction Services,Cosar Gc Pm,3100000,2023-10-23,Corporate Real Estate Management,TRUE
275,a630232b-a68d-4fa1-80ec-0f008db057dd_2,Doc3743124423,RFSQ,Construction Services,Canada Construction Limited,3100000,2023-10-23,Corporate Real Estate Management,TRUE
276,a630232b-a68d-4fa1-80ec-0f008db057dd_3,Doc3743124423,RFSQ,Construction Services,"State Group Inc, The",3100000,2023-10-23,Corporate Real Estate Management,TRUE
277,a630232b-a68d-4fa1-80ec-0f008db057dd_4,Doc3743124423,RFSQ,Construction Services,Martinway Contracting Ltd,3100000,2023-10-23,Corporate Real Estate Management,TRUE
278,5558a8fd-3166-417f-b184-2343aac182c2_1,Doc3754640010,RFT,Construction Services,Bennett Mechanical Installations,75275157.23,2023-05-19,Engineering & Construction Services,FALSE
279,29a09f1f-ec07-4110-adfe-47a426088250_1,Doc3768492766,RFT,Construction Services,D Martino Construction Ltd,3471536.2,2023-04-17,Engineering & Construction Services,TRUE
280,751a1d4a-a92d-44d7-a815-fb2714525c24_1,Doc3778035206,RFT,Construction Services,Dynex Construction Inc.,314964,2023-04-14,Engineering & Construction Services,TRUE
281,7bbaae15-eea4-4c74-b64e-42cbbfd3620d_1,Doc3780626765,RFT,Construction Services,Grascan Construction Ltd.,4632000,2023-03-28,Engineering & Construction Services,TRUE
282,6021c8c7-3315-4922-be78-f38d57d24552_1,Doc3780962042,RFT,Construction Services,Green Infrastructure Partners Inc.,19085364.43,2023-05-29,Engineering & Construction Services,TRUE
283,ee05bea0-abc9-4b10-9a6f-a741093c328c_1,Doc3797694830,RFT,Construction Services,Clearway Construction Inc,17539027,2023-08-21,Toronto Water,TRUE
288,89c71b42-57f5-4487-936f-ee24996cbc04_1,Doc3813921483,RFT,Construction Services,373044 Ontario Limited O/A Trans Canada Construction,210780.2,2023-05-09,Solid Waste Management Services,TRUE
289,9b499e59-1695-4fbd-8bb4-1f342046616e_1,Doc3819431950,RFT,Construction Services,Insituform Technologies Ltd,8414613.9,2023-05-25,Toronto Water,TRUE
290,6824b4d5-7d80-4826-8b0d-58a6f86bdfcf_1,Doc3824580171,RFT,Construction Services,Lishey Metal Fabrication Ltd,412250,2023-05-12,Transportation Services,TRUE
291,c538e6fe-e883-4383-9879-907c44892c30_1,Doc3824814989,RFT,Construction Services,2489960 Ontario Inc.,2620200,2023-05-19,Engineering & Construction Services,TRUE
292,9d177d4d-72e9-464b-8782-81fee532857c_1,Doc3846791801,RFT,Construction Services,Grascan Construction Ltd,29939012.2,2023-06-26,Engineering & Construction Services,TRUE
293,a79f5e5f-dec3-447e-b21e-a7209fcbf1a1_1,Doc3846914594,RFT,Construction Services,Midome Construction Services Ltd,2098880,2023-10-24,Engineering & Construction Services,TRUE
294,4ef33b1b-18fd-4197-91d1-f0c2360ba777_1,Doc3850138283,RFT,Construction Services,Viola Management Inc.,28168691.41,2023-05-30,Engineering & Construction Services,TRUE
295,8c1a21c1-1020-47fa-b41b-60d7937ede12_1,Doc3865067327,RFT,Construction Services,Bridgecon Construction Ltd,4244583.63,2023-06-15,Transportation Services,TRUE
296,8e711b0f-a059-4a9b-a39e-6a037603143b_1,Doc3883709991,RFT,Construction Services,Fer-Pal Construction Ltd.,10525401.7,2023-06-28,Toronto Water,FALSE
297,beeea9d2-45cf-4d78-a8e4-0367799c3be6_1,Doc3885238177,RFT,Construction Services,Aqua Tech Solutions Inc,327210,2023-06-27,Transportation Services,TRUE
298,09642d05-7783-4ea5-881f-6b170f6f0930_1,Doc3900076733,RFT,Construction Services,Ptr Paving Inc,1700794.3,2023-05-10,Transportation Services,TRUE
299,39bb6964-6d78-49dc-b80b-053a2e67a3b1_1,Doc3901002343,RFT,Construction Services,Viola Management Inc,2167125.14,2023-07-07,Transportation Services,TRUE
300,866ceae4-ead7-4d00-9acf-90648850de31_1,Doc3904392069,RFT,Construction Services,Ptr Paving Inc.,1053000,2023-06-26,Transportation Services,TRUE
301,1bc39255-2c2e-4f76-a0a2-d69717f66666_1,Doc3906481560,RFT,Construction Services,Maple-Crete Inc.,4316993.6,2023-05-30,Transportation Services,TRUE
302,76054c08-79da-4ec4-95f7-9f0b569b45d7_1,Doc3920611266,RFT,Construction Services,Brook Restoration Ltd,2168605.35,2023-10-23,Engineering & Construction Services,TRUE
303,a16c3fbd-af49-4c3a-b1f3-79d71ecffc17_1,Doc3921046980,RFT,Construction Services,Wsp Canada Inc,324862.5,2023-08-10,Engineering & Construction Services,FALSE
304,910e6432-8871-4fe8-bd46-ed5d8603ae29_1,Doc3921272353,RFT,Construction Services,Maple-Crete Inc,2030075,2023-06-29,Transportation Services,TRUE
305,ead8e347-a217-4d29-a7f5-e4e3b43fecd5_1,Doc3921321083,RFT,Construction Services,Maple-Crete Inc,2016167.29,2023-07-07,Transportation Services,TRUE
306,4db51897-aa5f-419a-bf99-4234f3b83248_1,Doc3932620378,RFT,Construction Services,Vaughan Paving Ltd.,1211340,2023-06-05,Transportation Services,TRUE
307,9bdcef48-2081-409e-a36d-8034fc026431_1,Doc3937572365,RFT,Construction Services,Rafat General Contractor Inc,605975,2023-10-24,Transportation Services,TRUE
308,30bbb305-8aad-4ecb-98c7-bddeaa7fd3d4_1,Doc3948833589,RFT,Construction Services,Sanscon Construction Limited,6417184.62,2023-07-12,Engineering & Construction Services,TRUE
309,a3bc2ade-7eb3-404c-978e-78f678410807_1,Doc3948982724,RFT,Construction Services,Midome Construction Services Ltd,16972800,2023-10-24,Engineering & Construction Services,TRUE
310,9fb088c1-8786-4b4e-85d1-65853062c150_1,Doc3952713027,RFT,Construction Services,Il Duca Contracting Inc.,3376572.1,2023-07-17,Engineering & Construction Services,TRUE
311,7b1196ab-e183-498d-9756-902e78afe8f7_1,Doc3964425639,RFT,Construction Services,Infrastructure Coatings Corporation,2136249,2023-08-08,Transportation Services,TRUE
312,94989545-9cce-4ddd-8e86-a9df2dc06aed_1,Doc3964997028,RFT,Construction Services,Aqua Tech Solutions Inc,1237334,2023-06-28,Transportation Services,TRUE
313,9b8a3d46-de52-4870-9912-0223d8bcee48_1,Doc3971697547,RFT,Construction Services,Grascan Construction Ltd / Torbridge Construction Ltd,2520000,2023-08-01,Engineering & Construction Services,TRUE
314,efb604ea-4de1-47b0-ba2b-ed97f5534e38_1,Doc3973032085,RFT,Construction Services,Ptr Paving Inc,5340440,2023-10-24,Transportation Services,TRUE
315,a60aa478-ebf5-4f67-a588-4365a9785a50_1,Doc3975879037,RFT,Construction Services,Kleingburg Contracting Ltd,328000,2023-10-23,Transportation Services,TRUE
316,adc0632a-11cd-41b1-a512-c69341e466d1_1,Doc3978905389,RFT,Construction Services,Capital Sewer Services Inc.,9433464.7,2023-10-04,Toronto Water,TRUE
317,6de5ecd8-05ec-479b-8e3b-1270ea8139be_1,Doc3979244860,RFT,Construction Services,Superior Boiler Works And Welding Ltd.,5077632.85,2023-12-07,Toronto Water,TRUE
318,f7cabca2-537b-4de1-a9fb-11bc23f10e9f_1,Doc3981710683,RFT,Construction Services,2489960 Ontario Inc,9647000,2023-08-03,Engineering & Construction Services,TRUE
323,410bef4c-2edd-4656-b603-c4f5dc1d0672_1,Doc3992828327,RFT,Construction Services,Brennan Paving & Construction,1620057.54,2023-08-10,Engineering & Construction Services,TRUE
324,c4fba143-1f6f-41c5-9ecd-76b136154350_1,Doc3993463838,RFT,Construction Services,Viola Management Inc,8169855.75,2023-10-24,Engineering & Construction Services,TRUE
325,fac04f04-09d6-49be-b09e-e98f8aee24ce_1,Doc3994771203,RFT,Construction Services,Four Seasons Site Development Ltd,1795277,2023-08-10,Transportation Services,TRUE
326,a1bcf057-09bd-40aa-8c4f-610be98a1443_1,Doc3996109285,RFT,Construction Services,Aqua Tech Solutions Inc,1312268,2023-09-13,Transportation Services,TRUE
327,3345f1fc-35c8-4a10-b64d-e0887743dd44_1,Doc3999125314,RFT,Construction Services,Lcd Mechanical Inc.,717424.96,2023-09-20,Solid Waste Management Services,TRUE
328,4c2c874e-c6e3-4ad4-b8a3-7f9c75b9dd0b_1,Doc4001403150,RFT,Construction Services,Green Infrastructure Partners Inc,801958.83,2023-10-13,Engineering & Construction Services,TRUE
329,c22c0724-7e10-4617-a5e8-c07e0c504275_1,Doc4001854894,RFT,Construction Services,Vaughan Paving Ltd,1360939,2023-10-24,Transportation Services,TRUE
330,3b48efe1-2ebe-4c33-8089-9b9f555f2a9f_1,Doc4005137066,RFT,Construction Services,1460973 Ontario Ltd. O/A C.p. Systems,3028907,2023-10-18,Toronto Water,TRUE
331,1b8a69b4-c978-463d-bf34-a020a0d0355a_1,Doc4005733390,RFT,Construction Services,Bennett Mechanical Installations,2003640,2023-09-13,Engineering & Construction Services,FALSE
332,b5c97257-0625-405f-beeb-198642ef54c8_1,Doc4013334293,RFT,Construction Services,Pnj Engineering Inc,205265,2023-08-08,Transportation Services,TRUE
333,6501585a-b174-4a61-a38b-7d404a342e59_1,Doc4014898448,RFT,Construction Services,Drainstar Contracting Ltd.,10967268,2023-12-06,Transportation Services,TRUE
334,e61ada3d-fa21-4674-96c9-9ce9f3f5f7fa_1,Doc4016646588,RFT,Construction Services,Greenspace Construction Inc,1717156.41,2023-12-06,Solid Waste Management Services,TRUE
335,85379182-268f-4120-9100-73a302eeb9b1_1,Doc4021925808,RFT,Construction Services,Upper Canada Road Services Inc,3131905,2023-08-24,Transportation Services,TRUE
336,488ff922-cf36-46e4-9c36-1d3fc56cff6d_1,Doc4024276481,RFT,Construction Services,D Crupi & Sons Limited,8486485.76,2023-10-24,Engineering & Construction Services,TRUE
337,904c8e2b-dc73-4f18-a858-f87255edf78f_1,Doc4031969151,RFT,Construction Services,Pegah Construction Ltd,2277887.5,2023-09-19,Transportation Services,TRUE
338,526ff44e-7b83-430d-ae53-2f80efe88904_1,Doc4048088807,RFT,Construction Services,Viola Management Inc,1102628,2023-09-13,Transportation Services,TRUE
339,4dafc906-966f-4568-b207-32686a58031d_1,Doc4051355928,RFT,Construction Services,Anacond Contracting Inc,882936,2024-02-02,Corporate Real Estate Management,TRUE
340,bcc18542-c9a8-401b-aa98-34d2686c67c5_1,Doc4061525952,RFT,Construction Services,Midome Construction Services Inc,2138888.88,2023-09-12,Engineering & Construction Services,TRUE
342,1d731648-0fe2-436d-9c3d-d606dc2a32a6_1,Doc4071505535,RFT,Construction Services,Four Seasons Site Development Ltd,8424256.5,2023-10-06,Engineering & Construction Services,TRUE
343,5aa774c7-db2e-46c6-b9d9-42281f5961dd_1,Doc4075289930,RFT,Construction Services,Insituform Technologies Ltd,9717955.5,2024-02-02,Engineering & Construction Services,TRUE
344,9fa0d5eb-3f91-423c-b1f1-d964826fefbf_1,Doc4076896026,RFT,Construction Services,Direct Underground Inc.,3294826,2023-10-04,Engineering & Construction Services,TRUE
345,4aa38176-5f9c-4792-87e4-4d54bcdf6351_1,Doc4079197579,RFT,Construction Services,Sanscon Construction Limited,2568496.25,2023-10-24,Engineering & Construction Services,TRUE
346,6e89d4e6-f708-49ea-9487-5d372fc86069_1,Doc4085663195,RFT,Construction Services,Maple-Crete Inc,2556961.5,2023-10-10,Transportation Services,TRUE
347,6e89d4e6-f708-49ea-9487-5d372fc86069_2,Doc4085663195,RFT,Construction Services,Maple-Crete Inc,2556961.5,2023-10-10,Transportation Services,TRUE
348,4e546a66-ee4b-437c-8f4a-a5f9008891ce_1,Doc4091895163,RFT,Construction Services,Ptr Paving Ltd,2601543,2023-10-24,Transportation Services,TRUE
350,12272319-1d48-47a5-8e2e-580a9f590ee6_1,Doc4095573772,RFT,Construction Services,Maple Crete Inc,1140762,2023-10-24,Transportation Services,TRUE
351,c6eb2f07-de74-45c0-87b8-ff26887a5331_1,Doc4102625216,RFT,Construction Services,Clearwater Structures Inc,1372179.68,2023-10-23,Transportation Services,TRUE
352,1234ba00-bc9d-4053-8baa-b587528d0c5a_1,Doc4104321075,RFT,Construction Services,Kapp Infrastructure Inc,18856444.31,2023-12-22,Transportation Services,TRUE
353,90572bb4-83b3-4747-a15c-64ce2b6562a4_1,Doc4104321108,RFT,Construction Services,2220742 Ontario Ltd,12606572.29,2023-12-19,Engineering & Construction Services,TRUE
355,a4bd68c2-3e8d-4383-96fa-d89fda258d18_1,Doc4104683821,RFT,Construction Services,Alliance Verdi Civil Inc,11235030.57,2023-10-24,Engineering & Construction Services,TRUE
356,90d3c69f-21db-45f9-862d-0a2e242ddd48_1,Doc4107533377,RFT,Construction Services,D Crupi & Sons Limited,6658436.02,2023-11-02,Engineering & Construction Services,TRUE
358,d7822cfc-106e-49e5-a980-3012b0c89584_1,Doc4113248357,RFT,Construction Services,Viola Management Inc.,1662027.25,2023-09-20,Transportation Services,TRUE
359,8d7d89f2-4098-47e9-bb45-7aeb3697632e_1,Doc4117198645,RFT,Construction Services,D.crupi & Sons Limited,2593249.8,2023-10-19,Transportation Services,TRUE
360,d1383331-f81a-4096-b403-f2119951991b_1,Doc4141341712,RFT,Construction Services,Belor Construction Ltd,7255343.76,2023-11-22,Engineering & Construction Services,TRUE
361,6f367ef4-187e-46a2-9923-3cf59a64bab5_1,Doc4167985241,RFT,Construction Services,Sanscon Construction Limited,8731709.95,2024-02-02,Engineering & Construction Services,TRUE
364,c1aa27b6-8a0a-46da-88ef-d405cb8767f0_1,Doc4235384096,RFT,Construction Services,Dyna Engineering Ltd,277281.3,2023-12-08,Transportation Services,TRUE
365,fd2024b2-66af-40f1-b14f-399c0bb66f95_1,Doc4235467703,RFT,Construction Services,Viola Management Inc,6090812.99,2024-02-02,Engineering & Construction Services,TRUE
367,b66b1b5e-6545-4856-ba43-664075598ae7_1,Doc4241747801,RFT,Construction Services,Viola Management Inc,4660915.49,2024-01-30,Engineering & Construction Services,TRUE
369,bb05d5bf-1869-4a46-aeb2-5c810dd41393_1,Doc4267533023,RFT,Construction Services,Sanscon Construction Ltd,6929115,2023-10-19,Engineering & Construction Services,TRUE
373,4b88e139-005c-49a7-8b0f-eaf4470ced3f_1,Doc4306065789,RFQ,Construction Services,Aqua Tech Solutions Inc,987660,2024-02-20,Transportation Services,TRUE
389,1e1f1af3-f042-4d5f-8131-536e750a69ac_1,Doc3434402030,RFQ,Goods and Services,Laundry On Wheels,88884.65,2023-07-07,Toronto Water,TRUE
390,bf2a06ed-0de3-4f08-ab6c-dab3c023fba8_1,Doc3444210172,RFQ,Goods and Services,Five Star Enterprise,132457.81,2023-01-09,Purchasing & Materials Management,TRUE
404,945c5ac9-4b94-4b0a-8101-fa754d6d5809_1,Doc3536109096,RFQ,Goods and Services,Dependable Emergency Vehicles,5113395,2022-12-21,Fire Services,TRUE
405,945c5ac9-4b94-4b0a-8101-fa754d6d5809_2,Doc3536109096,RFQ,Goods and Services,Safetek Emergency Vehicles Ltd.,5704250,2022-12-21,Fire Services,TRUE
408,5ef72059-7193-4509-bfbd-a3143f4f1e60_1,Doc3586141004,RFQ,Goods and Services,Sqm Janitorial Services Inc.,218821.9,2022-12-15,Municipal Licensing & Standards,TRUE
409,59334dd6-d580-4425-a2a4-672c148dcc19_1,Doc3624722286,RFQ,Goods and Services,Metro Compactor Service Inc.,686138,2023-04-26,Solid Waste Management Services,TRUE
410,5d98caca-f7a7-413a-9e8e-cabd2a2a9238_1,Doc3655214325,RFQ,Goods and Services,Control Gap Inc.,199179,2022-12-16,Information & Technology,TRUE
411,8e9d19b7-f1e4-4edf-8031-3efcc3b05a7d_1,Doc3662800591,RFQ,Goods and Services,Black And Mcdonald Limited,8362970.6,2023-01-27,Transportation Services,FALSE
412,1995e813-fe2e-4990-a483-023f7db1931a_1,Doc3663148302,RFQ,Goods and Services,Thermo Fisher Scientific,143317.76,2022-12-23,Toronto Water,FALSE
413,c7efc227-ea28-4c2f-b150-aab28bf73e1e_1,Doc3664626497,RFQ,Goods and Services,Britespan Building Systems,108742.7,2023-06-01,Toronto Water,TRUE
414,2cbf9149-9e28-4a75-bd5d-88131e5c3f3e_1,Doc3687223488,RFQ,Goods and Services,Nachurs Alpine Solutions Inc.,639700,2022-12-23,Toronto Water,TRUE
415,857b85b4-b31e-431d-ba3c-c78c10cf3125_1,Doc3692809488,RFQ,Goods and Services,Superior Air Systems,833421.6,2023-02-06,Toronto Water,TRUE
416,7d95ddb9-f217-4691-abee-b8d9570d954e_1,Doc3693132330,RFQ,Goods and Services,International Cybernetics Canada Inc,3013251.38,2023-02-22,Transportation Services,TRUE
417,e345f6bf-b842-4fc7-9a6d-15a273e0824a_1,Doc3775384972,RFQ,Goods and Services,Dependable Emergency Vehicles,33590760,2023-06-23,Fire Services,TRUE
418,a6e4a462-86cc-4dba-9475-eab312a19d5a_1,Doc3814081357,RFQ,Goods and Services,Mississauga Steel Mart,998566.21,2023-07-14,Solid Waste Management Services,TRUE
419,977cc23d-8afd-4432-853c-64a803138372_1,Doc3817220750,RFQ,Goods and Services,Turkstra Modular Builders Inc,908343.8,2023-04-28,Toronto Water,TRUE
420,628eca24-4392-4cc4-bff1-d34dc4dc2e16_1,Doc3865027173,RFQ,Goods and Services,Woodbine Pavement Markings Limited,5438345,2023-05-10,Transportation Services,TRUE
421,fda4846c-fa20-4e39-ac95-98eee1e51ea9_1,Doc3873905324,RFQ,Goods and Services,Stinson Equipment Ltd,951056,2023-06-26,Transportation Services,TRUE
422,dd47457d-df88-46c9-b3f2-1695a21d28cb_1,Doc3883212056,RFQ,Goods and Services,Pnj Engineering Inc,289880,2023-04-26,Transportation Services,TRUE
423,e3139f12-1941-4ec4-9354-17cbb5767127_1,Doc3889294579,RFQ,Goods and Services,Graphix Source Canada,371547,2023-08-01,Transportation Services,TRUE
424,2630b651-c342-4dad-b0ac-67e61dab10dc_1,Doc3923013040,RFQ,Goods and Services,Supco Construction Ltd.,479977.2,2023-05-09,Toronto Water,TRUE
425,ba031b31-9ca3-44b5-aac2-685416b1de86_1,Doc3937497848,RFQ,Goods and Services,Valley Integration Inc.,157274.8,2023-12-07,Toronto Water,TRUE
426,5aedf578-66d9-41ee-9ea0-f445ada54749_1,Doc3970617953,RFQ,Goods and Services,Markham Metals Ltd.,620,2023-08-04,Solid Waste Management Services,TRUE
427,b1ebf4fd-7de3-4cc9-8fab-640108ceb541_1,Doc3979244813,RFQ,Goods and Services,Combined Metal Industries Inc.,165,2023-07-06,Solid Waste Management Services,TRUE
428,c0fd8680-8559-4daa-9825-d063bdb70c31_1,Doc3999401141,RFQ,Goods and Services,Guild Electric Limited,4594649.57,2023-09-07,Transportation Services,TRUE
429,1970bdc9-f7b6-4d00-8f9b-d3f14c978afb_1,Doc4033738804,RFQ,Goods and Services,Cdmv Inc.,840000,2023-09-08,Municipal Licensing & Standards,TRUE
431,81fe2597-f63b-4d33-9983-912b60c81e2a_1,Doc4162151819,RFQ,Goods and Services,Flochem Ltd,3532760,2024-01-11,Toronto Water,TRUE
434,fb43640d-9736-4a59-8008-8c24c8d3a266_1,Doc4230041922,RFQ,Goods and Services,Uba Inc,4368480,2024-01-29,Toronto Water,TRUE
436,bc5a99b6-d9b5-4ae0-905c-cf87fd7f0549_1,Doc4316684665,RFQ,Goods and Services,Paris Site Furnishings And Outdoor Fitness,76196,2024-02-15,Transportation Services,TRUE
438,cd11dcab-55f3-4440-bce7-78ae660f6aea_1,Doc3236037760,RFP,Professional Services,2503396 Ontario Inc,428301.56,2022-12-06,Toronto Water,TRUE
439,8807541d-43d6-48b2-b0f6-22c4f6c36896_1,Doc3383644334,RFP,Professional Services,Safe Roads Engineering Inc,65572.97,2023-10-24,Transportation Services,TRUE
440,efca9026-da9b-44bc-823b-b88af4f2b8be_1,Doc3447108958,RFP,Professional Services,Dsr Systems Inc.,928999,2023-03-06,"Parks, Forestry & Recreation",TRUE
441,9c27ff6d-b2c1-4f36-979a-c91a6f2d4a66_1,Doc3448368603,RFP,Professional Services,Stantec Consulting Ltd,43768591,2023-05-19,Engineering & Construction Services,FALSE
442,c42b311b-6ba6-4856-a26d-82fc56547c06_1,Doc3470566906,RFP,Professional Services,The Control Institute Inc.,1175450,2023-02-01,Transportation Services,TRUE
445,cb468add-6359-4a02-b79e-6e3382b3e7f5_1,Doc3655392179,RFP,Professional Services,The Planning Partnership,197295,2023-01-13,"Parks, Forestry & Recreation",TRUE
446,ba6e855d-aa74-41fa-975e-a3e767aa5f31_1,Doc3670282580,RFP,Professional Services,Dtah,934951,2023-07-20,City Planning,TRUE
447,b78f6aa8-b639-4173-9fb0-2c2f6154043b_1,Doc3679821417,RFP,Professional Services,Arup Canada Incorporated,191900,2023-03-15,Facilities Management,TRUE
448,f2d960fe-c828-47b0-9e54-0d92cdaa8ab6_1,Doc3684959756,RFP,Professional Services,Lmdg Building Code Consultants,100000,2023-03-07,Toronto Building,TRUE
449,26be2734-4e47-4720-b760-cb331fe1007b_1,Doc3686626945,RFP,Professional Services,Wsp Canada Inc.,762950,2023-03-20,Solid Waste Management Services,TRUE
450,465b5b46-42f3-4661-8099-5d17c1043775_1,Doc3704419610,RFP,Professional Services,Speridian Technologies Canada Inc,867474,2023-01-27,Engineering & Construction Services,TRUE
451,238e6731-0f63-4d65-9f63-44e4c96a81ae_1,Doc3717319201,RFP,Professional Services,Ghd Limited,2301982.57,2023-03-10,Engineering & Construction Services - Engineering Services,TRUE
452,b6527a85-3d76-471d-8075-c7dfd6347bb3_1,Doc3722909802,RFP,Professional Services,Ibi Group Professional Services Canada Inc,3810458.36,2023-01-30,Transportation Services,TRUE
453,7206f2eb-2cf0-4905-afa4-409db66c191f_1,Doc3740004804,RFP,Professional Services,373044 Ont Ltd/Trans Canada Construction,8194057.64,2023-03-16,Engineering & Construction Services,TRUE
454,1159dc02-5926-45ba-8d30-440eeda1cc4b_1,Doc3741395991,RFP,Professional Services,Access Planning Ltd.,597115,2023-10-06,Transportation Services,TRUE
455,30b6aab5-3974-4f29-82d7-cfd6c850b13e_1,Doc3751442529,RFP,Professional Services,Rv Anderson Associated Ltd.,28244663,2023-07-11,Fire Services,TRUE
456,fc78f17d-cfbe-49ff-8f11-54de2f89fdb6_1,Doc3790262987,RFP,Professional Services,Era Architects Inc,211880,2023-06-22,City Planning,TRUE
457,375db991-3485-42e8-83f9-a0e65e38eb1a_1,Doc3793973081,RFP,Professional Services,Three Sisters Consulting,338725,2023-12-27,City Planning,TRUE
458,ba59688d-b58a-4c9d-bdcf-c0973a915f23_1,Doc3793992483,RFP,Professional Services,Aecom Canada Ltd.,2990901.29,2023-07-25,Engineering & Construction Services,TRUE
459,89436497-1e64-482f-a6e2-93e42f7107a1_1,Doc3801944404,RFP,Professional Services,Exp Services Inc.,1887771.87,2023-08-03,Engineering & Construction Services,TRUE
460,c4a9816a-c0e8-4c08-8aae-047c67c2d42b_1,Doc3817210853,RFP,Professional Services,Read Jones Christoffersen Ltd,3320000,2023-07-05,Corporate Real Estate Management,TRUE
461,c4a9816a-c0e8-4c08-8aae-047c67c2d42b_2,Doc3817210853,RFP,Professional Services,Moon-Matz Ltd,3320000,2023-07-05,Corporate Real Estate Management,TRUE
462,c4a9816a-c0e8-4c08-8aae-047c67c2d42b_3,Doc3817210853,RFP,Professional Services,Ata Architects Inc,3320000,2023-07-05,Corporate Real Estate Management,TRUE
463,c4a9816a-c0e8-4c08-8aae-047c67c2d42b_4,Doc3817210853,RFP,Professional Services,Arcadis Professional Services,3320000,2023-07-05,Corporate Real Estate Management,TRUE
466,ea2bd7ad-cb4d-4b1f-885c-908146f6c366_1,Doc3863128487,RFP,Professional Services,Spectrum Traffic Data Inc.,4435260,2023-08-21,Transportation Services,TRUE
467,1dbecdf5-9704-4051-baed-24435849a8d3_1,Doc3887611815,RFP,Professional Services,Ghd Contractors Limited,252000,2023-12-06,Toronto Water,TRUE
468,6e422254-b2db-4545-b946-879aee40a70a_1,Doc3915365177,RFP,Professional Services,Urban Systems Ltd,144935,2023-09-14,City Planning,TRUE
469,fe20d169-c6fe-4a27-8c11-02b516bb34d1_1,Doc3918912293,RFP,Professional Services,Davroc Testing Laboratories Inc.,882314.27,2023-11-06,Engineering & Construction Services,TRUE
470,fe20d169-c6fe-4a27-8c11-02b516bb34d1_2,Doc3918912293,RFP,Professional Services,Snc Lavalin Inc.,882314.27,2023-11-06,Engineering & Construction Services,TRUE
471,fe20d169-c6fe-4a27-8c11-02b516bb34d1_3,Doc3918912293,RFP,Professional Services,Wood E & I (Wsp E&I Canada Limited),882314.27,2023-11-06,Engineering & Construction Services,TRUE
472,2c3a51f3-eb83-405f-8ff0-b080895c39cc_1,Doc3932901536,RFP,Professional Services,Gannett Fleming Canada Ulc,277098.84,2023-10-24,Engineering & Construction Services,TRUE
473,49c19c57-76f2-4f6c-bf29-2e3dded700aa_1,Doc3935185884,RFP,Professional Services,Ghd Limited,5089797.82,2023-11-13,Toronto Water,TRUE
474,98ec5577-27d7-4c3e-88cf-011ae4dd9180_1,Doc4011435999,RFP,Professional Services,Ghd Limited,4857181.26,2023-09-19,Engineering & Construction Services,TRUE
475,b55420a8-3d62-4287-8055-4212a37c4d38_1,Doc4011687155,RFP,Professional Services,Aecom Canada Ltd.,5037183.12,2023-11-13,Engineering & Construction Services,TRUE
476,4e528677-c053-4b18-808f-8bb50f195499_1,Doc4012155636,RFP,Professional Services,Parcel Economics Inc.,182532.5,2023-10-06,City Planning,TRUE
478,ca06fb00-7539-486d-8f7b-fcb716ea261e_1,Doc4068734787,RFP,Professional Services,Stantec Consulting Ltd,786101.08,2024-01-05,Engineering & Construction Services,FALSE
485,22117bbd-6425-41c9-842a-8704872460ba_2,Doc4102874119,RFQ,Professional Services,Dye & Durham Corporation,115800,2024-02-22,Municipal Licensing & Standards,TRUE
486,8c60b708-8c66-48ef-beed-fd5bf103bef9_1,Doc4104126185,RFP,Professional Services,Rv Anderson Associates Ltd,579639.96,2024-02-02,Engineering & Construction Services,TRUE
488,382248f1-847f-427d-8a69-70dcbfa85263_1,Doc4160248851,RFP,Professional Services,Testmark Laboratories Ltd,21891,2024-01-23,Toronto Water,TRUE
489,b024c171-8bc1-4df6-881c-d22e04749abe_1,Doc4160464985,RFP,Professional Services,Wsp Canada Inc.,831438.66,2023-12-22,Solid Waste Management Services,TRUE
510,85a9e98e-bf72-4e29-982a-282ba6b8deb7_1,Doc4355917968,RFT,Construction Services,Capital Sewer Services Inc,8658579.6,2024-06-06,Toronto Water,TRUE
512,2819b70e-7522-4d33-a5fb-13f1dadfb7a8_1,Doc4392014769,RFQ,Goods and Services,Onx Enterprise Solutions Ltd,333429.45,2024-05-16,Technology Services,TRUE
513,d037ee43-cd4e-43d5-8ebe-562751794d84_1,Doc4273472356,RFP,Professional Services,Pmc Water Systems Services Inc,582928.74,2024-05-21,Corporate Real Estate Management,TRUE
514,81d16940-7900-4758-8fe7-28505790bc86_1,Doc4227642481,RFT,Construction Services,Sutherland Schultz Ltd,1847535,2024-05-16,Toronto Water,FALSE
515,9c2bd95a-63f4-4848-8a9f-d796b5de2c17_1,Doc4235627228,RFP,Construction Services,Ferdom Construction,974220,2024-05-23,"Parks, Forestry & Recreation",TRUE
517,60ee4488-0a3e-489f-a0d2-2e999f041851_1,Doc4430207073,RFT,Construction Services,Harrison Muir Inc,15737709.43,2024-05-24,Engineering & Construction Services,TRUE
518,0a7896ff-0e4f-4354-bd42-1894b7db9797_1,Doc4461503755,RFQ,Construction Services,Mna Engineering Ltd,350000,2024-05-22,Transportation Services,TRUE
519,082ae8c1-2eb3-4b96-8b66-1b3a369ade05_1,Doc3928987223,RFP,Professional Services,Arcadis Professional Services (Canada) Inc,97740,2024-05-16,Technology Services,TRUE
520,35bc4578-f52c-4130-a68e-c97c4ff80d90_2,Doc4227642481,RFT,Professional Services,Sutherland Schultz Ltd,1847535,2024-05-16,Toronto Water,FALSE
521,b3a47100-8edb-456b-843a-f5cef8f47bc1_1,Doc4273472356,RFP,Professional Services,Pmc Water Systems Services Inc,582928.74,2024-05-21,Corporate Real Estate Management,TRUE
531,b9d28a21-27f6-481a-a948-c75f1a0a1bf9_2,Doc4273922673,RFQ,Construction Services,International Name Plate Supplies Limited,156490.75,2024-06-09,Corporate Real Estate Management,TRUE
532,a5d42c6a-ce78-45be-91be-d2a3a8caeee2_1,Doc4365588623,RFQ,Goods and Services,Ontario Water Werx Inc.,1044315,2024-06-09,Corporate Real Estate Management,TRUE
533,021b31b9-fae6-4b18-834d-3d7e999db0a8_1,Doc4445313610,RFQ,Goods and Services,Aralia Interior Plantscaping  Inc,357969.24,2024-06-09,Corporate Real Estate Management,TRUE
534,c8d14e8e-4fb5-429b-9beb-147766fee03b_1,Doc4241874588,RFP,Professional Services,Integral Group,297312,2024-06-09,Environment & Climate,TRUE
535,a8ab061f-f517-40a2-89d6-f1a67425db2a_1,Doc4379656891,RFP,Professional Services,A.s.p. Incorporated,7371280.8,2024-06-19,Corporate Real Estate Management,TRUE
536,e3d9dd11-3a10-4ffd-b41b-0259eb822acb_2,Doc4254143011,RFT,Construction Services,Atlas Constructors Inc,59418568,2024-06-21,"Parks, Forestry & Recreation",TRUE
537,85a9e98e-bf72-4e29-982a-282ba6b8deb7_2,Doc4355917968,RFT,Construction Services,Capital Sewer Services Inc.,8658579.6,2024-06-06,Toronto Water,TRUE
538,5732d3e0-121c-43aa-be7c-171e329091d5_1,Doc4355917968,RFQ,Construction Services,Capital Sewer Services Inc.,8658579.6,2024-06-06,Toronto Water,TRUE
539,82385215-727f-4728-ab29-8ff1880be329_2,Doc4385003044,RFT,Construction Services,Triumph Aluminum & Sheet Metal Inc,2340468.5,2024-06-18,Solid Waste Management Services,TRUE
540,2607d267-6694-4dfb-b204-0dd899030b7b_1,Doc4447617282,RFT,Construction Services,Viola Management Inc,2077052.04,2024-06-17,Transportation Services,TRUE
541,b55e28a8-be61-4d8a-af0a-4a325a14f80c_1,Doc4480216572,RFT,Construction Services,Infrastructure Coatings Corporation,478950.5,2024-07-04,Transportation Services,TRUE
542,7f656d77-7c69-46f5-972f-ee75801920e4_1,Doc4480270972,RFT,Construction Services,Four Seasons Sit Development Ltd.,4268451,2024-06-28,Engineering & Construction Services,TRUE
543,e6de3a87-5132-4a38-8a7b-f953b5ec01e3_2,Doc4495674420,RFT,Construction Services,D Crupi And Sons,24721984.93,2024-06-26,Engineering & Construction Services,TRUE
544,7e5527a3-c39f-4d6f-b547-fb042108429b_1,Doc4521149812,RFT,Construction Services,7850891 Canada Inc/Egnatia Paving,441440.2,2024-06-17,Transportation Services,TRUE
545,28d69046-3cbe-45f9-8401-b174030b6a7b_1,Doc4320141834,RFQ,Goods and Services,Teamworks Manufacturing Inc,99216.12,2024-06-28,Purchasing & Materials Management,TRUE
546,4caf2c32-aeab-4e37-92e2-1b8727e53992_2,Doc4348333159,RFQ,Goods and Services,Bear Communications Inc,2275911,2024-06-20,Solid Waste Management Services,TRUE
547,640a970a-ff0c-4a25-8108-2d4efa84a812_1,Doc4436320825,RFP,Professional Services,Multiview Locates Inc,1716464,2024-06-17,Engineering & Construction Services,TRUE
552,d82776b3-8128-4489-8c51-c01775ad99cf_1,Doc4373506891,RFP,Professional Services,Arcadis Professional Services (Canada) Inc.,7520026.88,2024-07-10,Toronto Water,TRUE
566,d63aa71b-b2ef-4dfc-a316-8f851fabbb31_1,Doc4385673159,RFT,Construction Services,Insituform Technologies Ltd.,13408117.6,2024-08-13,Toronto Water,TRUE
567,869bd31b-e8ad-49e5-8bec-395c321c703d_1,Doc4539266153,RFT,Construction Services,Phoenix Restoration Inc.,2713210,2024-08-09,Corporate Real Estate Management,TRUE
568,4ddd8925-a851-4fe1-9071-f6a485ab7a80_1,Doc4337640855,RFQ,Goods and Services,Metro Freightliner Hamilton Inc,307942,2024-07-19,Fleet Services,FALSE
569,a4068878-7bae-48aa-be8f-5cbe1d4fe64a_1,Doc4485657528,RFQ,Goods and Services,Medline Canada Corp O/A Medical Mar,65149.2,2024-08-09,Purchasing & Materials Management,TRUE
570,9f60ded8-2611-42fe-9fe5-b3ac4a1e64f2_1,Doc4529454649,RFQ,Goods and Services,Mcl - Mister Chemical Ltd,44454,2024-07-17,Purchasing & Materials Management,TRUE
571,8fcfa8a8-3794-4717-a282-26c931561ebc_1,Doc4542354457,RFQ,Goods and Services,Ricoh Canada Inc,1088934,2024-08-08,Technology Services,FALSE
572,3ec36831-ff78-4ca0-a9f6-29af4b995008_1,Doc4153429731,RFSQ,Professional Services,Altus Group Limited,166667,2024-07-12,Finance & Treasury Services,FALSE
573,3ec36831-ff78-4ca0-a9f6-29af4b995008_2,Doc4153429731,RFSQ,Professional Services,Kroll Consulting Canada Co.,166667,2024-07-12,Finance & Treasury Services,FALSE
574,3ec36831-ff78-4ca0-a9f6-29af4b995008_3,Doc4153429731,RFSQ,Professional Services,Suncorp Valuations,166667,2024-07-12,Finance & Treasury Services,FALSE
575,9e75739b-75c2-4384-8672-f0ff8e6ec70e_1,Doc4287185321,RFP,Professional Services,Kpmg Llp,245000,2024-07-25,Environment & Climate,FALSE
576,a8ed4a7c-a6a2-428a-8bb4-9075b3d23bb5_1,Doc4367280127,RFP,Professional Services,Logixx Security Inc,1145891.4,2024-08-09,Corporate Real Estate Management,FALSE
577,695a6940-7829-4c22-8c08-b707fd92a946_1,Doc4355949486,RFQ,Construction Services,Butler Contracting Group Inc,1128610,2024-07-26,Children's Services,TRUE
578,695a6940-7829-4c22-8c08-b707fd92a946_2,Doc4355949486,RFQ,Construction Services,Tribro Group Ltd,1020100,2024-07-26,Children's Services,TRUE
579,0aed99a9-9989-4f10-a2c3-284b899d8db7_2,Doc4386010404,RFT,Construction Services,Mopal Construction Ltd,4934280,2024-06-19,"Parks, Forestry & Recreation",TRUE
580,39d5b6c0-cd85-42f9-b509-904ce1d51543_2,Doc4403338466,RFQ,Goods and Services,Walker Environmental Group Inc,1143296,2024-08-08,"Parks, Forestry & Recreation",TRUE
581,4036e70e-9702-421b-a092-e993e8631fc9_1,Doc4632108018,RFQ,Goods and Services,Avron Foods Ltd,429148.45,2024-08-07,"Parks, Forestry & Recreation",TRUE
582,da8432d6-7a06-45f6-8bca-9a132877fa96_2,Doc4445229954,RFP,Professional Services,Moon-Matz Ltd.,60740,2024-08-08,"Parks, Forestry & Recreation",TRUE
583,d63aa71b-b2ef-4dfc-a316-8f851fabbb31_2,Doc4385673159,RFT,Construction Services,Insituform Technologies Ltd,13408117.6,2024-08-13,Toronto Water,TRUE
584,959ae1cd-5bc3-4052-9004-f065712349ba_2,Doc4410699675,RFP,Construction Services,Levi Cleaning Services Inc O/A Goodbye Graffiti Toronto West,1307044.35,2024-06-26,"Corporate Real Estate Management,Municipal Licensing & Standards,Parks, Forestry & Recreation,Toronto Water,Transportation Services",TRUE
585,5de4704e-9a1e-42a4-b485-80ebf3bc95f6_1,Doc4468015736,RFT,Construction Services,Viola Management Inc,2587105.75,2024-07-11,Transportation Services,TRUE
586,d79b958e-83ce-4889-a596-d77047f911bf_1,Doc4476298180,RFT,Construction Services,Grascan Construction Ltd,5640000,2024-07-25,Engineering & Construction Services,TRUE
587,9b06b73a-e176-4a45-a6b0-cb483916f2a3_2,Doc4502104843,RFT,Construction Services,Infrastructure Coatings Corporation,495150,2024-07-05,Transportation Services,TRUE
588,5d5975de-7d3f-4da5-871e-18c04603ecf2_1,Doc4502684693,RFT,Construction Services,Viola Management Inc,18432891.68,2024-07-05,Engineering & Construction Services,TRUE
589,b6392f46-bcfc-4b79-9f2f-bfe65d5e8cad_1,Doc4519719075,RFT,Construction Services,7850891 Canada Inc/Egnatia Paving,1870560.95,2024-08-07,Transportation Services,TRUE
590,ebd8f65d-2b20-448f-9b26-1f5486c5ed55_1,Doc4528941885,RFT,Construction Services,Utility Force Inc,5305960,2024-08-14,Toronto Water,TRUE
591,ebd8f65d-2b20-448f-9b26-1f5486c5ed55_2,Doc4528941885,RFT,Construction Services,Ojcr Construction Ltd,4054180,2024-08-14,Toronto Water,TRUE
592,a06059d9-416b-4c75-8d16-197672f417e7_1,Doc4532426537,RFT,Construction Services,Alliance Verdi Civil Inc.,5994841.8,2024-08-06,Engineering & Construction Services,TRUE
593,d557302d-6fa1-4bb2-b198-7b4e70250a5e_1,Doc4550114793,RFT,Construction Services,D Crupi & Sons Limited,1870560.95,2024-07-30,Transportation Services,TRUE
594,db3d34b9-c423-4cd5-8974-a0519c97d649_1,Doc4561195980,RFT,Construction Services,Maple-Crete Inc,7725621.22,2024-07-31,Transportation Services,TRUE
595,b18eafca-2ce4-4c84-ba03-f283613d8368_1,Doc4581030189,RFT,Construction Services,Viola Management Inc.,1448755.66,2024-08-13,Engineering & Construction Services,TRUE
596,8b7441bb-a0d5-437a-9101-3db8ee35f1b5_2,Doc4619099786,RFT,Construction Services,Ptr Paving,1528095.7,2024-07-19,Transportation Services,TRUE
597,b6b48b95-1f98-4328-8e12-9c737268fe11_1,Doc3968966388,RFP,Goods and Services,Signority Inc.,131790,2024-07-22,Technology Services,TRUE
598,66b9f715-4d19-4acb-8454-f00bf6d5aedd_1,Doc3971345384,RFQ,Goods and Services,Bio Nuclear Diagnostics Inc,3622304,2024-07-22,Purchasing & Materials Management,TRUE
599,e83de766-f685-4495-be48-76f7df57db02_1,Doc4463763991,RFQ,Goods and Services,Black And Mcdonald Ltd,1248118,2024-07-23,Solid Waste Management Services,TRUE
600,cc8872a3-af7f-46bf-8af6-308e38413c41_1,Doc4044208417,RFP,Professional Services,Garda Canada Security Corporation,600000,2024-08-01,People & Equity,FALSE
601,cc8872a3-af7f-46bf-8af6-308e38413c41_2,Doc4044208417,RFP,Professional Services,Webtactics Inc,600000,2024-08-01,People & Equity,TRUE
602,cc8872a3-af7f-46bf-8af6-308e38413c41_3,Doc4044208417,RFP,Professional Services,Ian Martin Limited,600000,2024-08-01,People & Equity,TRUE
603,cc8872a3-af7f-46bf-8af6-308e38413c41_4,Doc4044208417,RFP,Professional Services,Drake International Inc,600000,2024-08-01,People & Equity,FALSE
604,cc8872a3-af7f-46bf-8af6-308e38413c41_5,Doc4044208417,RFP,Professional Services,Hr Associates,600000,2024-08-01,People & Equity,TRUE
605,cc8872a3-af7f-46bf-8af6-308e38413c41_6,Doc4044208417,RFP,Professional Services,Bevertec Cst Inc,600000,2024-08-01,People & Equity,FALSE
606,cc8872a3-af7f-46bf-8af6-308e38413c41_7,Doc4044208417,RFP,Professional Services,Quantum Management Services Ltd,1200000,2024-08-01,People & Equity,TRUE
607,fde26580-4ecc-494b-82c3-9512ab595863_1,Doc4343210572,RFP,Professional Services,Aecom Canada Ltd,1849531.48,2024-07-15,Engineering & Construction Services,FALSE
608,d82776b3-8128-4489-8c51-c01775ad99cf_2,Doc4373506891,RFP,Professional Services,Arcadis Professional Services (Canada) Inc,7520026.88,2024-07-15,Toronto Water,TRUE
609,66ed8ff5-1191-467a-a889-b141906ab94a_1,Doc4373783168,RFP,Professional Services,O2 Planning + Design,505778.89,2024-08-02,City Planning,TRUE
612,66a8704f-3b18-43b1-a5dc-9ad2c4df0599_1,Doc4562891214,RFT,Construction Services,Utility Force Construction Inc.,4117750,2024-08-20,Toronto Water,TRUE
615,906f903a-c701-4abb-935d-ab1482949eca_1,Doc4269401146,RFQ,Goods and Services,Stericycle Ulc,654650,2024-06-07,Toronto Paramedic Services,FALSE
624,b09e68f3-49c3-41a7-8eaa-e7bffbbcb45d_1,Doc4583507670,RFQ,Goods and Services,Optiv Canada Inc.,191814.22,2024-08-23,Technology Services,TRUE
625,877ea20d-d87b-4b1d-a7d8-a21e3efae6fa_1,Doc4445313583,RFP,Professional Services,Ssg,184950,2024-08-30,Environment & Climate,TRUE
626,4c05f9c0-e040-4daf-8c93-5fa28f258609_2,Doc3934845220,RFT,Construction Services,Black & Mcdonald Limited,3264240,2024-08-30,Toronto Water,TRUE
627,b6ca93e8-468a-4a6f-8b9e-7420178301c3_2,Doc4470673376,RFT,Construction Services,Fer-Pal Construction Ltd,9884775.7,2024-08-29,Toronto Water,TRUE
628,43712864-e8e2-4540-a897-fe39aae07a62_1,Doc4562792135,RFT,Construction Services,Marbridge Construction Ltd.,4472196,2024-08-29,Engineering & Construction Services,TRUE
629,66a8704f-3b18-43b1-a5dc-9ad2c4df0599_2,Doc4562891214,RFT,Construction Services,Utility Force Inc,4117750,2024-08-20,Toronto Water,TRUE
630,003f04b1-984e-46af-b487-256711486c69_1,Doc4564572903,RFT,Construction Services,Alliance Verdi Civil Inc,8096083.8,2024-08-21,Engineering & Construction Services,TRUE
633,f196eec2-b628-4113-856a-8039a88edc18_2,Doc4629883456,RFT,Construction Services,Ptr Paving,334396.5,2024-08-20,Transportation Services,TRUE
634,11a21530-7c61-4780-84df-0709c61793cd_1,Doc4419641221,RFP,Professional Services,Cspn,305071,2024-08-30,Municipal Licensing & Standards,TRUE
635,34e8e56a-6e05-47ba-b0e2-15c9d0ac699e_1,Doc4580499798,RFP,Professional Services,Rv Anderson Associates Ltd,26443056.74,2024-08-27,Engineering & Construction Services,TRUE
636,910f4b60-fb59-4cb5-aa16-aa56666f6e70_1,Doc4419211645,RFQ,Goods and Services,Garage Supply Contracting Inc.,149820,2024-07-11,"Fire Services,Fleet Services,Toronto Paramedic Services",TRUE
637,71a0f5ee-c7bb-4fc7-9d42-125ecf1c4549_1,Doc3979622294,RFQ,Construction Services,Roma Fence Ltd,4640076.24,2024-07-02,"Parks, Forestry & Recreation",TRUE
638,05140675-4a2b-4678-aada-028842a63330_1,Doc4343390536,NRFP,Goods and Services,Schindler Elevator Corporation,19780842,2024-08-16,Corporate Real Estate Management,FALSE
639,4cbd72a4-41e2-44f6-b037-d769c3d843f2_2,Doc4561503552,RFT,Construction Services,2489960 Ontario Inc,2445300,2024-08-30,Engineering & Construction Services,TRUE
640,0fc5ea55-fb23-45cc-87cc-2a83a447339d_1,Doc4650730480,RFT,Construction Services,2489960 Ontario Inc,3625600,2024-08-28,Engineering & Construction Services,TRUE
646,5d6c26e8-2746-4a99-a5eb-488db3f4d980_1,Doc4437742176,RFT,Construction Services,Torbear Contracting Inc,1556086.4,2024-09-25,Toronto Water,TRUE
652,e4fd6727-5ab7-4aa0-a5a0-b5849db38937_1,Doc4568434460,RFP,Professional Services,Ch2m Hill Canada Limited,660188.55,2024-10-08,Engineering & Construction Services,TRUE
653,f7a5c81b-dd64-4e42-bc41-0b6bcc0f2670_1,Doc4598881719,RFQ,Goods and Services,Production Service Industries,288595,2024-10-16,Economic Development & Culture,TRUE
656,147d3cb8-13a8-4ff1-87df-f3d6b4489b17_1,Doc4476450575,RFP,Professional Services,Morrison Hershfield Limited,29757736.1,2024-10-17,Engineering & Construction Services,FALSE
657,2d412378-8dbd-43a1-96a6-648ef18952b1_1,Doc4666145224,RFQ,Construction Services,Ppl Aquatic Fitness And Spa Group Inc.,1212458,2024-10-16,Corporate Real Estate Management,TRUE
658,3c7e62b0-c40f-4889-8b5e-ff5b7b2ff16a_1,Doc4685977601,RFT,Construction Services,Ritestart Limited,6287900,2024-10-22,Corporate Real Estate Management,TRUE
659,f4759985-afd7-4323-aa63-c1e83f9c0b79_1,Doc4158506855,RFQ,Goods and Services,Mcl - Mister Chemical Ltd,332686.7,2024-09-30,Purchasing & Materials Management,TRUE
660,98d930f9-f653-411f-b0da-d0e8618204a0_1,Doc4287115427,RFQ,Goods and Services,Guillevin International Co,53760,2024-10-07,Purchasing & Materials Management,TRUE
661,1980837a-c26c-4007-8847-fd6c4028d668_1,Doc4414721248,RFQ,Goods and Services,Premier Truck Group Of Mississauga,523406,2024-09-05,Fleet Services,TRUE
662,d08dace9-d6cd-496e-85c9-7a99aef42252_1,Doc4456330887,RFQ,Goods and Services,Power Station Inc.,180000,2024-09-03,"Corporate Real Estate Management,Seniors Services and Long-Term Care,Solid Waste Management Services",TRUE
663,d08dace9-d6cd-496e-85c9-7a99aef42252_2,Doc4456330887,RFQ,Goods and Services,Northern Generator Company,2010494.88,2024-09-03,"Corporate Real Estate Management,Seniors Services and Long-Term Care,Solid Waste Management Services",TRUE
664,e8d36fc3-44b0-456d-9a75-f55ea9c74d5d_1,Doc4505719273,RFQ,Goods and Services,Metro Freightliner Hamilton Inc,1669071.83,2024-09-25,Fleet Services,FALSE
665,a6030329-b6d3-4e57-bf16-2e7c6fb54a34_1,Doc4552573025,RFQ,Goods and Services,Mcl - Mister Chemical Ltd,1003893,2024-09-13,Purchasing & Materials Management,TRUE
666,e5a4a75e-6492-47cd-8ac2-8f03841681c1_1,Doc4650740446,RFQ,Goods and Services,Softchoice Lp,8970000,2024-09-30,Technology Services,FALSE
667,d8459afd-c2ee-4edb-a8b6-ddc60d35669a_1,Doc4499760743,RFQ,Construction Services,Classic Displays,73500,2024-09-23,"Parks, Forestry & Recreation",TRUE
668,8a452c73-5a27-488d-80b6-1653fa3b09a4_1,Doc4483761813,RFQ,Goods and Services,Monarch Mechanical Ltd,57700,2024-09-13,Children's Services,TRUE
669,38cd1d28-1dbf-4d74-8d43-734c0a357111_2,Doc4532966165,RFP,Goods and Services,Mcl - Mister Chemical Ltd,366738,2024-10-18,Seniors Services and Long-Term Care,TRUE
670,cf6d28af-56ae-468d-9c33-2eecd5fe5378_1,Doc4598881719,RFQ,Goods and Services,Production Service Industries,288595,2024-10-16,Economic Development & Culture,TRUE
671,c5aa45e3-6268-454a-a6df-caa10b1278b5_1,Doc4600851561,RFQ,Goods and Services,Colio Estate Wines Inc,81941,2024-10-01,"Shelter, Support & Housing Administration",TRUE
672,95f738a7-8b55-42af-9fcf-881fd4ec9e67_1,Doc4474732228,RFP,Professional Services,Silv-Econ Ltd,179684.2,2024-10-03,"Parks, Forestry & Recreation",TRUE
673,2ab97fb1-4dac-477e-a249-9742e3e91dd1_2,Doc4583976971,RFP,Professional Services,"Ridge Road Training & Consulting, Inc",134775,2024-09-17,"Parks, Forestry & Recreation",TRUE
674,b460df4e-24b6-4470-a5ae-d83df7fb8b9d_2,Doc4587708162,RFP,Professional Services,Monteith Brown Planning Consultants Ltd.,359970,2024-09-17,"Parks, Forestry & Recreation",TRUE
675,446cb6c2-47ee-4261-8bfd-a130019456a7_1,Doc3987477359,RFT,Construction Services,Bennett Mechanical Installations,79784014,2024-10-17,Toronto Water,FALSE
676,2b5ced4f-e1a0-4773-8016-fa5acb961698_1,Doc4053424337,RFQ,Construction Services,Damen Shipbuilding 5 B.v.,90569193.59,2024-09-10,"Parks, Forestry & Recreation",FALSE
677,4cb41fdc-abec-44f2-961c-8a06d0ad95e8_1,Doc4394844139,RFP,Construction Services,Wsp Canada Inc.,782575.88,2024-09-06,Engineering & Construction Services,TRUE
678,5d6c26e8-2746-4a99-a5eb-488db3f4d980_2,Doc4437742176,RFT,Construction Services,Torbear Contracting Inc,1556086.4,2024-09-25,Toronto Water,TRUE
679,b17c6103-0d4f-4f40-8ea2-9cc478779f30_1,Doc4440996123,RFT,Construction Services,Robert B Somerville Co. Limited,12954430.3,2024-09-10,Toronto Water,TRUE
680,3b748aa0-5e85-4dac-8a1d-5b6fe657b892_2,Doc4445258694,RFT,Construction Services,Capital Sewer Services Inc,12874085,2024-10-08,Toronto Water,TRUE
681,043d8932-68fc-4ce7-9e0e-ae135184cdfd_2,Doc4463435829,RFT,Construction Services,Infrastructure Coatings Corporation,772860,2024-09-04,Transportation Services,TRUE
682,cec9d70e-2e57-4184-888e-5562303be76b_2,Doc4487480100,RFT,Construction Services,1460973 Ontario Limited O/A C.p. Systems,3286438,2024-09-19,Toronto Water,TRUE
683,c0505827-1551-4994-802d-a697fb8d6461_1,Doc4546251028,RFT,Construction Services,Belor Construction Ltd,4396103.4,2024-09-20,Engineering & Construction Services,TRUE
684,9d6c1ece-15d8-4d3e-9e0b-b54c01be557b_2,Doc4555986450,RFT,Construction Services,D Crupi & Sons Limited,1969954.58,2024-09-05,Engineering & Construction Services,TRUE
685,14be3eb2-16c8-49f0-99d0-5f0369380f4c_3,Doc4574690002,RFT,Construction Services,A & F Di Carlo Construction Inc.,3135025,2024-09-10,Toronto Water,TRUE
686,14be3eb2-16c8-49f0-99d0-5f0369380f4c_4,Doc4574690002,RFT,Construction Services,Bevcon Construction & Paving Ltd,4187925,2024-09-10,Toronto Water,TRUE
687,8f586bc4-8c3f-4448-93bb-eefc79cd1e6f_1,Doc4577962498,RFT,Construction Services,A & F Di Carlo Construction Inc.,3122085,2024-09-03,Toronto Water,TRUE
688,8f586bc4-8c3f-4448-93bb-eefc79cd1e6f_2,Doc4577962498,RFT,Construction Services,Aqua Tech Solutions Inc,3627550,2024-09-03,Toronto Water,TRUE
689,2c0b6ef4-e2b6-483c-bce9-e85aa0604fdb_2,Doc4585457414,RFT,Construction Services,Graham Bros Construction Ltd.,5314555.84,2024-09-26,Engineering & Construction Services,FALSE
690,6f7e25bc-a919-4987-b985-a25f363c4c0a_1,Doc4586036577,RFT,Construction Services,7850891 Canada Inc/Egnatia Paving,2627635,2024-09-06,Transportation Services,TRUE
691,7224da9c-0f17-4d0c-aa65-ce11c8c3966a_1,Doc4590017410,RFT,Construction Services,Bennett Mechanical Installations,7973870,2024-10-21,Engineering & Construction Services,FALSE
692,815a9a39-f7e3-4a53-9353-785190b8643f_1,Doc4628804071,RFT,Construction Services,Four Seasons Sit Development Ltd.,1321175,2024-09-05,Transportation Services,TRUE
693,8c16a722-b9b9-4340-a126-3b0a5020dbb3_1,Doc4677682353,RFT,Construction Services,Gazzola Paving Limited,1470658,2024-09-18,Transportation Services,TRUE
694,2d4d5631-d11c-4ba1-97cc-e30844e60268_1,Doc4680095655,RFT,Construction Services,Four Seasons Sit Development Ltd.,9017019,2024-10-03,Engineering & Construction Services,TRUE
695,7d7d6e09-5417-4593-a2b4-6838035f3678_1,Doc4728197603,RFT,Construction Services,D Crupi & Sons Limited,2387474.1,2024-10-30,Engineering & Construction Services,TRUE
696,c7899952-605e-48a5-b1ff-836e9564e272_1,Doc4157422445,RFQ,Goods and Services,11913930 Canada Inc.,144000,2024-09-12,Purchasing & Materials Management,TRUE
697,7aa76f14-9a8f-4a8b-a2f0-eee135cc9f63_2,Doc4686211466,OTP,Offer to Purchase,Gallops Waste Management,31.95,2024-10-01,Solid Waste Management Services,TRUE
698,0a8ca8a4-d43f-4df4-9b9f-680681d4908d_1,Doc3869968460,RFP,Professional Services,Gartner Canada,395000,2024-09-25,Technology Services,FALSE
699,afba0249-9eec-4890-a31a-45e52b7cf388_1,Doc4322374774,RFP,Professional Services,Parsons Inc,8279921,2024-09-05,Transportation Services,FALSE
700,16bc4e46-12c3-4bc6-8ae6-1c9a0334f8e1_2,Doc4360673147,RFP,Professional Services,Aecom Canada Ltd,139317.69,2024-10-21,City Planning,FALSE
701,95e091f9-cb47-406c-8898-8fbc6ae53663_2,Doc4360731519,RFQ,Professional Services,Environics Research Group,31766.66,2024-09-25,City Planning,TRUE
702,6c8929fe-ec21-463d-b86e-413c4bf13b00_1,Doc4388651811,RFP,Professional Services,Morrison Hershfield,15440574.24,2024-09-12,Engineering & Construction Services,FALSE
703,e4fd6727-5ab7-4aa0-a5a0-b5849db38937_2,Doc4568434460,RFP,Professional Services,Jacobs Consultancy Canada Inc,660188.55,2024-10-08,Engineering & Construction Services,FALSE
706,ccb00d18-d01b-4d69-a04d-0697260f2cde_1,Doc4408872532,RFQ,Goods and Services,"Stericycle, Ulc",715477.76,2024-09-01,"Fire Services,Municipal Licensing & Standards,Parks, Forestry & Recreation,Seniors Services and Long-Term Care,Toronto Paramedic Services",FALSE
